id,domain,status,purchase_price,renewal_price,attractiveness,demand,length,registrar,created_at,expires_at
00296791-a78f-41d4-8253-c24d39ce6e0b,justtheticket.how,available,34.99,,66,4,15,name.com,,
0046dfb3-9800-4263-b97d-95e15d12a3da,Icouldeatahorse.how,premium,,,50,1,19,,,
005ce146-1b56-4ec4-a2c4-a91907d7c211,costbenefit.how,available,34.99,,52,3,12,name.com,,
0076f7d2-99f0-43cf-a22f-708d787234c6,rollwithit.how,available,34.99,,56,5,12,name.com,,
00825ded-f769-4e6a-b704-1dd1383f3382,generating.how,available,34.99,,54,6,10,name.com,,
00d1796c-573b-4c35-9727-e1b9522726f6,electricaltape.how,available,34.99,,64,1,15,name.com,,
00d508bb-ed9f-4208-9005-f7610aab703d,gobackalongway.how,available,34.99,,66,1,18,name.com,,
010e7559-ba9c-4c63-8e02-2352debba251,tales.how,available,34.99,,72,14,5,name.com,,
014a710e-3c1c-4c83-9571-dfec802209cf,seemlike.how,available,34.99,,54,0,9,name.com,,
01ccc33e-0e90-4546-809e-853589898922,coins.how,premium,423.75,,56,41,5,name.com,,
01d583f4-1ab3-4fe1-9509-e3dabcefb4d7,coffeemilk.how,available,34.99,,80,3,11,name.com,,
01df770b-cee0-44a1-bfd0-45b743c30e1d,believein.how,available,34.99,,68,6,10,name.com,,
02668eb5-0556-4bc4-b98c-2c5f96ca6417,determines.how,premium,111.25,,58,1,10,name.com,,
0281a895-94cf-43e7-a26d-b6120c04cb14,finds.how,available,34.99,,62,16,5,name.com,,
028240a3-5d1a-4c58-9a2b-42b070ae3911,letthefurfly.how,available,34.99,,47,1,15,name.com,,
029fddf0-0282-421a-981b-14211f2d221e,IsleofSheppey.how,premium,,,52,1,15,,,
02aab899-90a3-48f0-9488-4683dc1b67d4,StGeorges.how,premium,,,54,6,10,,,
02be5843-f15c-48f6-a0f5-5773fac82ca3,coffeesenna.how,available,34.99,,80,1,12,name.com,,
02c8ef63-f0f0-416d-9471-f37be99961ee,setinstone.how,available,34.99,,68,4,12,name.com,,
02da70e3-13c9-4b03-8aa8-9015fe9a6934,moveup.how,available,34.99,,79,14,7,name.com,,
031967c5-2e99-45ed-8d64-f6ccea955430,proxyvoting.how,available,34.99,,62,2,12,name.com,,
0320e740-3bb2-40b1-94ad-60441cf220c0,equals.how,available,34.99,,62,10,6,name.com,,
036fe3ad-e484-4942-88b2-d17b0982315b,vergeon.how,available,34.99,,68,1,8,name.com,,
037d8709-0cb1-42ed-a274-938760f560cb,cometotermswith.how,available,34.99,,66,1,18,name.com,,
0384b01f-c881-460f-8c6f-939c957ea0fe,ladiesandgents.how,available,34.99,,68,2,16,name.com,,
0386e9b4-7447-4d18-afe6-c3d99cef7b78,wellbuilt.how,available,34.99,,78,7,10,name.com,,
03c3f5a3-0ae0-4916-ac33-d7527bae128e,seemed.how,available,34.99,,58,4,6,name.com,,
03ce0e9c-6727-489c-ba0a-9bf07209723c,estateduty.how,available,34.99,,50,1,11,name.com,,
03d58c1f-ddad-4f3c-bccc-8b02f36d525a,amatter.how,available,34.99,,60,2,8,name.com,,
03de968a-7601-485f-8de2-751968228eda,sexualassault.how,available,34.99,,43,3,14,name.com,,
03e2b667-82e7-45c8-a112-50d6130b82c2,diseases.how,available,34.99,,40,5,8,name.com,,
03ebd1f6-3854-4fe2-8404-e3723205f320,coffeeglass.how,available,34.99,,80,1,12,name.com,,
04197121-cefc-4a31-8d93-d7487108d46a,explains.how,premium,686.25,,50,4,8,name.com,,
0437ad2e-0a30-4812-a182-7d60b51aaaf2,landscaping.how,premium,48.75,,80,16,11,name.com,,
0444e717-27af-4bc1-8332-d14bc052cba2,sameoldstuff.how,available,34.99,,34,1,14,name.com,,
044caab0-cdff-448a-97e2-abf06681c69b,smashit.how,available,34.99,,72,8,8,name.com,,
0452cb95-918a-483c-b035-7605389af810,tattooing.how,available,34.99,,68,5,9,name.com,,
04564651-054f-4e58-9b42-73b5b11e299d,fails.how,available,34.99,,46,7,5,name.com,,
0464720f-febc-491e-b628-49f277c15b6e,SpiritofGod.how,premium,,,63,2,13,,,
04c13913-143d-4e85-a467-2447d12abb8f,rented.how,available,34.99,,54,8,6,name.com,,
050b20bb-bb40-4138-860c-6f8e23ba4c3d,contains.how,available,34.99,,54,4,8,name.com,,
051cd622-3c13-4cec-98ca-f5f3f2314483,sanctions.how,available,34.99,,52,8,9,name.com,,
0524c882-0774-457b-a70f-c8d9380b39f4,hits.how,premium,223.75,,62,16,4,name.com,,
055bf553-b86a-4a9a-afe5-17343f5b0afa,victories.how,available,34.99,,58,5,9,name.com,,
056e2ab7-f0f1-494f-a9e4-a2bb211b1bb5,professions.how,available,34.99,,50,6,11,name.com,,
059083e7-8158-45ce-aaa8-a664029935c5,alcoholbyvolume.how,available,34.99,,58,1,17,name.com,,
05a96658-a5cd-4ae5-9eec-52567a6952d6,approaches.how,available,34.99,,70,3,10,name.com,,
05c2e3fe-57b7-41b5-b640-7c762d506932,technicals.how,available,34.99,,52,6,10,name.com,,
061b3653-bbaa-40c2-b8fa-589679c41392,workmanship.how,available,34.99,,74,3,11,name.com,,
063bb435-28b8-4010-9bfd-4517ec1bfe87,OttomanEmpire.how,premium,,,64,2,14,,,
06a32ab5-8d87-46f5-9f90-cdab3abe2ce6,assuch.how,available,34.99,,66,1,7,name.com,,
06d433cc-a79f-4b2a-a5a1-bf562e357ad6,reflections.how,available,34.99,,53,16,11,name.com,,
0726997e-47be-445a-b52e-836e41e4f2e0,CountyofQueens.how,premium,,,44,1,16,,,
07289ab4-7c2b-4475-88d8-6983d3b7a657,setthescene.how,available,34.99,,68,3,13,name.com,,
07663ada-fb1d-4dd4-ae9a-76a3d20a4de0,justthen.how,available,34.99,,62,1,9,name.com,,
076fe692-ce33-4706-b6ce-983665a0b2c4,Curves.how,premium,,,51,11,6,,,
079d57d0-aadf-4f2f-949e-c1624818d350,GodtheHolySpirit.how,premium,,,58,1,19,,,
07ab1c17-c42a-4ddf-ba0c-a596cdaf3355,divinegrace.how,available,34.99,,68,3,12,name.com,,
07bb94ab-3604-4342-a667-84e2755f8139,involves.how,available,34.99,,58,3,8,name.com,,
07e36b6c-2512-49b6-9977-bfe4deffa77f,relied.how,available,34.99,,50,3,6,name.com,,
07fdd5d7-251c-47b0-98ac-a4626251ebf0,slightest.how,available,34.99,,56,1,9,name.com,,
080ce517-f8bf-4b28-9b9e-ff25fe1004f0,getittogether.how,available,34.99,,75,3,15,name.com,,
081150a8-3734-4da5-adcf-aff2cbb59b9f,changeup.how,available,34.99,,70,8,9,name.com,,
08220653-3e77-43f2-8f3b-4de804266679,moveit.how,available,34.99,,77,13,7,name.com,,
086382c4-4a5e-41a0-9968-b96d37f5118f,distinctivefeature.how,available,34.99,,54,0,19,name.com,,
0869a32b-63e1-4ad3-9036-672fa570b542,usualoffice.how,available,34.99,,57,0,12,name.com,,
086a4c0b-a789-4d1a-afb5-6ea7305c2658,plays.how,available,34.99,,56,16,5,name.com,,
086cbe4a-cf75-4aae-b536-39316b7a9a4d,permitted.how,available,34.99,,64,5,9,name.com,,
0884f0ed-c581-43e9-962a-07133a8f3d9c,penalties.how,available,34.99,,68,3,9,name.com,,
0893f9d2-a002-47b7-8e47-ead3a58e2466,manybodyproblem.how,available,34.99,,64,1,17,name.com,,
08a750f7-cc49-4f47-bd45-a32b8a68cb37,ChildJesus.how,premium,,,56,2,11,,,
08aff679-1f57-45c3-b2d3-620aa131b5dc,Frenchfried.how,premium,,,70,2,12,,,
08b86041-ea32-436f-86bd-931adc28516b,neckrest.how,available,34.99,,56,1,9,name.com,,
08bfb851-a19f-4a01-aff5-39445c89c7bc,letoffsteam.how,available,34.99,,76,1,13,name.com,,
08e4d282-848b-4a7c-ad85-191e85789648,inthelongterm.how,available,34.99,,60,1,16,name.com,,
08f3614c-bdf5-4baa-bf2c-614c10b7bafc,cases.how,available,34.99,,50,12,5,name.com,,
09103bb4-f059-4db0-8278-b63b1dbd894e,gonowhere.how,available,34.99,,62,2,10,name.com,,
091b8319-8f3f-43b7-b38f-9cbd8d33a559,Cheddarcheese.how,premium,,,66,2,14,,,
092356cc-64f0-4b61-ab78-6ba5cea7b51f,parkin.how,available,34.99,,59,8,7,name.com,,
092e012a-a86a-4e29-b6f3-3a2560744cb9,busfare.how,available,34.99,,70,1,8,name.com,,
0949fd6a-1285-4c0a-be5f-e53119b8f024,intandem.how,available,34.99,,72,7,9,name.com,,
09515cdf-6fb9-4b07-835d-719e866f3699,ponders.how,available,34.99,,54,5,7,name.com,,
09523d6a-0622-4a2f-a206-3fb63cf59d7a,remembering.how,premium,48.75,,72,9,11,name.com,,
09612dc3-1142-4736-bebd-8043a073ddae,pizzajoint.how,available,34.99,,56,2,11,name.com,,
0971a870-daa3-4e51-948d-36cee8a8065c,communities.how,premium,48.75,,68,19,11,name.com,,
097261df-7265-429b-b755-eefc687685c7,flashdoor.how,available,34.99,,50,0,10,name.com,,
097f9376-9fa4-4a00-adaf-0095baca78d6,upandaround.how,available,34.99,,60,1,13,name.com,,
09849651-991e-47b1-9843-dea1581d756e,tradeunions.how,available,34.99,,48,1,12,name.com,,
0993bda3-8ad4-410a-81cb-295933941bd3,coffeeand.how,available,34.99,,76,4,10,name.com,,
09cf1cc6-b00a-41ae-a66c-0fc5f680ed73,RiceBubbles.how,premium,,,60,1,12,,,
09e0ff9e-8d23-4bb7-9f25-94866a161108,hangup.how,available,34.99,,68,5,7,name.com,,
09f47226-ad33-442a-8a4b-14fd7b081f78,screwdrivers.how,available,34.99,,52,4,12,name.com,,
0a12f661-b8fb-4d4b-bf86-54f300a090c6,speeds.how,available,34.99,,53,8,6,name.com,,
0a2c624b-7294-49e9-97c8-2a42279c3109,playaround.how,available,34.99,,72,5,11,name.com,,
0a2dedd6-ad3b-461e-8133-6110c8c7a65b,devotes.how,available,34.99,,56,2,7,name.com,,
0a548857-94a2-440a-a683-249ceac23f3e,paintthinner.how,available,34.99,,56,1,13,name.com,,
0a5948cd-7ac1-408b-8153-c9d5c2fe6a2b,slipped.how,available,34.99,,70,3,7,name.com,,
0a79151f-8052-442a-9378-a956b424c3c6,advertisements.how,available,34.99,,54,7,14,name.com,,
0a8ada32-d50a-4cec-9148-d113274cf369,SaintNicholas.how,premium,,,64,4,14,,,
0a8da068-839f-431a-bd03-f90efb03d4a0,gostrong.how,available,34.99,,74,4,9,name.com,,
0a905d0e-a578-4a87-b5ca-80677bb7c7a4,havenobusiness.how,available,34.99,,60,1,16,name.com,,
0aa7adc3-2391-4b4f-bdb1-cd3fad7cc0fc,CountyofKings.how,premium,,,54,2,15,,,
0ad276f8-e65e-4b35-9cb8-98a96034893a,Idodeclare.how,premium,,,58,2,12,,,
0ad381ab-9833-4c0a-8b86-b7f6fdc22e1f,wines.how,premium,111.25,,63,16,5,name.com,,
0ae2854c-0b9c-4313-b0ef-432adef7d004,ballplaying.how,available,34.99,,70,1,12,name.com,,
0b0b4ab3-8e05-4fe2-8dca-7969ce4935c4,distinctions.how,available,34.99,,62,3,12,name.com,,
0b12d465-16d7-4fd6-ad32-2be2d8de69bf,orderarms.how,available,34.99,,70,1,10,name.com,,
0b13089f-13f6-4b69-8d5e-e576a0f9c4ee,sockyarn.how,available,34.99,,64,1,9,name.com,,
0b1362c1-66f6-4023-90e6-f3134dc9109e,dropsomeonealine.how,available,34.99,,70,0,19,name.com,,
0b553c7d-0983-4792-858d-d19531586c13,sitaround.how,available,34.99,,66,1,10,name.com,,
0b7cbefc-0e69-4138-b9be-99cd4cd6cffa,fastgrowing.how,available,34.99,,72,3,12,name.com,,
0b880c78-cabb-4126-a390-1b7393b1d65b,orderout.how,available,34.99,,74,3,9,name.com,,
0b916cfd-d8a9-4269-b2ad-fba9dd6caf94,breastaugmentation.how,available,34.99,,66,5,19,name.com,,
0ba77474-c23f-40e7-b853-ec7982be9613,disks.how,available,34.99,,50,6,5,name.com,,
0bcf8af6-6949-4b32-a485-dcfffb9d8e68,Jim.how,premium,,,78,28,3,,,
0c30819f-7eae-4807-9a5c-8c7c9670af60,thinks.how,available,34.99,,64,10,6,name.com,,
0c44d237-20d3-4904-8fea-508224ee58f8,executivecontrol.how,available,34.99,,64,1,17,name.com,,
0c44fd17-bc6f-4d2e-ace9-0889e0615680,snowstorms.how,available,34.99,,50,2,10,name.com,,
0c8a4feb-b6a9-486b-b596-0b435b02bf69,plans.how,available,34.99,,60,20,5,name.com,,
0c990b70-5ec4-4287-839b-3668b41ea3cf,dothemath.how,available,34.99,,72,4,11,name.com,,
0ca45c19-1614-4cd3-a940-95e1dd48a6d7,fullfrontalnudity.how,available,34.99,,48,1,19,name.com,,
0cb229cd-1e68-499d-9114-a804720320c1,washes.how,available,34.99,,54,3,6,name.com,,
0d0d286f-3ccf-4a63-b87e-0c3210a85ba7,givelife.how,available,34.99,,58,5,9,name.com,,
0d1cc018-be10-47af-a4a5-0f823b31c90c,travellers.how,available,34.99,,53,11,10,name.com,,
0d27b179-b467-4120-aea4-fac65a89ef11,goberserk.how,available,34.99,,68,1,10,name.com,,
0d523c8e-da31-45f0-b232-efe8893a8529,godowninhistory.how,available,34.99,,68,1,18,name.com,,
0d8b5e5e-455e-40c2-8f4b-9671494daa96,highschoolstudent.how,available,34.99,,55,0,19,name.com,,
0d9be4ec-7e43-4f59-aee7-e18133901b65,getwellsoon.how,available,34.99,,58,5,13,name.com,,
0db7fb02-00e7-4dc2-83d1-eafdee9aa543,letusgo.how,available,34.99,,57,4,9,name.com,,
0de87858-e3c7-468f-bcb4-3d3332d95855,newsfeature.how,available,34.99,,50,1,12,name.com,,
0df77e97-0fda-4896-bd5c-2c8e7be7fec7,payoff.how,premium,48.75,,70,8,7,name.com,,
0dfbb8a6-f4dc-46fc-b30b-a6a23d1ad079,youwish.how,premium,111.25,,60,5,8,name.com,,
0e18eb2c-335c-41e9-bed0-79b0722245ca,norms.how,available,34.99,,45,7,5,name.com,,
0e3b7d65-6787-42a6-b18d-a66b6bdcc038,fundamentalism.how,available,34.99,,58,2,14,name.com,,
0e5a7f7a-9080-480b-8c4c-3ce1ca9c3f04,windowblind.how,available,34.99,,48,1,12,name.com,,
0e6c066b-3248-4f97-849b-3fa1f6daec24,couldnotcareless.how,available,34.99,,38,0,19,name.com,,
0e7e4ec1-cc4a-405a-a670-b9f60e65bda1,honeymoons.how,available,34.99,,64,6,10,name.com,,
0e7fa66b-6c82-4720-8004-618b48ab9c52,inthesameboat.how,available,34.99,,48,2,16,name.com,,
0e851b2b-e162-4a47-8fa3-42d2daecf89c,disinfection.how,available,34.99,,74,5,12,name.com,,
0e87a8d1-16d8-4380-99d0-7c9eebc7e916,clearsailing.how,available,34.99,,72,1,13,name.com,,
0e88561b-0cc9-4569-a668-ec524abcd400,sweeps.how,available,34.99,,51,12,6,name.com,,
0ed83979-54c9-42f7-b135-83cd28957f2b,blowingup.how,available,34.99,,64,1,10,name.com,,
0ee213fe-2b13-4c74-bf52-efddd899d899,getupin.how,available,34.99,,74,1,9,name.com,,
0ee6ccdf-3a62-4b66-b7b0-c3855bb2023d,cables.how,available,34.99,,54,11,6,name.com,,
0f013c94-5e96-41f0-941a-40780687cb58,speakers.how,available,34.99,,66,12,8,name.com,,
0f0c625b-4b11-4273-95a8-eddea0a5d455,OrangeCounty.how,premium,,,66,11,13,,,
0f0e3470-591a-4ec4-b0d7-8f505bc6017d,Catholicism.how,premium,,,74,6,11,,,
0f28101b-1e6f-45de-8109-67a8a66723ac,keepin.how,available,34.99,,72,6,7,name.com,,
0f3eea2f-cf37-4d8a-a869-5e10a22c7cef,attempts.how,available,34.99,,54,3,8,name.com,,
0f56cfb4-96e2-4e28-ba52-a66e9df7bc93,gingerbread.how,available,34.99,,80,10,11,name.com,,
0f6703b6-f3a7-41ac-b2cc-0b70bbea1265,SikhEmpire.how,premium,,,64,1,11,,,
0f7de77d-f0c9-4462-b1b6-5be1a8195e76,pileup.how,available,34.99,,65,3,7,name.com,,
0f82c676-7a3c-45f1-93d0-125cebc1ad42,twentythree.how,available,34.99,,65,7,12,name.com,,
0fdbc58a-0dae-4560-a4c1-3d6a48c416a2,sticks.how,available,34.99,,60,11,6,name.com,,
0fed5afd-34d6-43c6-bf76-064a3f7ce40e,studs.how,available,34.99,,69,7,5,name.com,,
10033a79-d26a-4afc-8d84-12f31485afdf,switches.how,available,34.99,,58,7,8,name.com,,
100f18f9-a2d6-4246-8198-fd773ee37e64,surebet.how,available,34.99,,82,8,8,name.com,,
1012edfa-5d53-4d9e-8b72-53ed3e0fb81e,waitforit.how,available,34.99,,43,4,11,name.com,,
1051dbc5-47e1-48d0-9fb8-89d9b395d08c,CountyofSpencer.how,available,34.99,,42,1,17,name.com,,
1075fd80-e6cf-4e51-8b2a-77e6b21a4489,satellites.how,available,34.99,,59,8,10,name.com,,
10768105-8582-4d4f-8d9f-4829e3698892,orders.how,available,34.99,,60,19,6,name.com,,
108694c1-2060-497f-bfca-b48a63aeeca8,mosquitos.how,available,34.99,,42,5,9,name.com,,
10a49d91-3079-4a03-bc01-bd01c44d6135,fittogether.how,available,34.99,,80,4,12,name.com,,
10bb241e-d3b9-40f5-a08b-45f36c98cd33,Igirder.how,premium,,,58,1,8,,,
1104c5f2-c566-464c-a604-652d20e7d7da,whips.how,available,34.99,,52,7,5,name.com,,
111c6699-3e04-4482-b7e2-a88b01e6e7f2,grandefinale.how,available,34.99,,70,2,13,name.com,,
1140cd2d-c2af-4ac9-abd3-3966e97db89c,onfire.how,available,34.99,,50,12,7,name.com,,
1147cf0c-9a1a-400d-8017-2076a233d8ec,divinejudgement.how,available,34.99,,47,1,16,name.com,,
11490c19-c331-448c-8872-666fcb18808f,tornados.how,available,34.99,,50,4,8,name.com,,
11598940-1f94-4b48-8fdc-bc3bf4415644,getroundto.how,available,34.99,,74,1,12,name.com,,
11628a31-08a4-436e-a343-03883e446356,highseas.how,available,34.99,,74,6,9,name.com,,
117eb52a-e4d0-45f4-9008-f9e521e1f5da,gobonkers.how,available,34.99,,70,1,10,name.com,,
11f31f0f-683b-4ec6-867c-58c6207ddde9,hears.how,available,34.99,,48,4,5,name.com,,
120adc27-17e2-4a0d-9de9-0d760d57f3f8,flipflops.how,available,34.99,,52,5,10,name.com,,
12139548-6503-4196-ba74-7b7e0fb14fab,hats.how,premium,223.75,,65,15,4,name.com,,
1226061d-cd74-4215-9515-739f7ede3919,waitup.how,available,34.99,,63,2,7,name.com,,
123651cc-c5d1-4730-92e1-db75bbce3928,keepsomebodyposted.how,available,34.99,,46,0,20,name.com,,
12407a6d-b192-47e5-ae9d-c73d1db76f75,transmitted.how,available,34.99,,64,1,11,name.com,,
124b522b-4155-45a2-98a6-43ec0e42bd4e,IslesofScilly.how,premium,,,52,1,15,,,
125d3456-6fea-40d0-a094-fe30a228e204,Ihavediabetes.how,premium,,,50,2,15,,,
125e6828-a032-4e8d-bda5-d28252dd1eb6,continents.how,available,34.99,,50,5,10,name.com,,
12772a8c-eb01-4000-93fd-eb96a28e3913,floods.how,available,34.99,,38,6,6,name.com,,
1295c1c6-2f49-435b-bbe8-c39010afd30c,keeptogether.how,available,34.99,,68,1,13,name.com,,
129a8c0a-eb84-454a-b02d-ab42d6aeb506,longlasting.how,available,34.99,,68,3,12,name.com,,
12c0c69f-8e9a-474c-97e9-886565902831,CountyofWilkin.how,available,34.99,,42,1,16,name.com,,
12c8406b-c0f2-4f53-b174-a6b3d8352e6e,midafternoon.how,available,34.99,,80,1,12,name.com,,
12e67c2c-79e4-4c61-8f5d-b68418c13b7d,clipit.how,available,34.99,,76,12,7,name.com,,
134bcbdc-5704-428f-8641-41faa8ac185b,tartarsauce.how,available,34.99,,76,2,12,name.com,,
135f486f-df77-41a1-9550-04b70fe370d5,generals.how,available,34.99,,52,6,8,name.com,,
13818027-9296-4fca-b70a-220bf9b560d7,CountyofHawaii.how,premium,,,50,1,16,,,
13868cc6-bffd-43f8-9542-b15833998ba5,letsomethingslip.how,available,34.99,,67,1,18,name.com,,
139b998b-3905-4a5a-9f8b-cbdeb5e9864c,backtobasics.how,available,34.99,,70,10,14,name.com,,
13af1086-2c7c-46de-aa77-a2b19b8a7816,cloaks.how,available,34.99,,50,5,6,name.com,,
13e800c2-3569-4b8c-8aa8-e8aef05316db,gonumberone.how,available,34.99,,40,1,13,name.com,,
14002f29-8d04-4e7c-a59a-1aaec956f4c1,Occupations.how,premium,,,50,3,11,,,
140dd790-1f7d-4358-9534-eabee8ab3f7b,Ideclare.how,premium,,,58,3,9,,,
141349f5-3b51-490f-8329-feffb2a8ef2b,manuallabour.how,available,34.99,,58,1,13,name.com,,
141455ac-0f6b-48d8-bdc0-d1426a6affa4,noless.how,available,34.99,,62,4,7,name.com,,
142a5a7e-85d4-4b3a-b550-c5318a65bf09,surfacemail.how,available,34.99,,67,1,12,name.com,,
144f9ea9-318b-4b46-8b5f-556ae561843e,letoff.how,available,34.99,,77,1,7,name.com,,
1481cd8e-55d4-40ea-adba-b9450c6e2f07,flips.how,available,34.99,,52,12,5,name.com,,
14909607-c8c4-4989-9d88-361e8430d002,desktoppublishing.how,available,34.99,,66,3,18,name.com,,
14a16297-5210-467c-a71b-1ba8b296efb1,softsell.how,available,34.99,,72,3,9,name.com,,
14bc2626-451d-4831-a78c-343c76032990,inthemain.how,available,34.99,,50,1,11,name.com,,
14ccac5f-d294-4615-a0f7-a044febe448d,Imustgo.how,premium,,,58,1,9,,,
14e745a3-7626-41ab-b77d-a3d040edaf04,getround.how,available,34.99,,74,0,9,name.com,,
15014202-4b03-49f6-a979-85d79d9d4bbc,packingtape.how,available,34.99,,70,2,12,name.com,,
150d6e9c-49b7-4880-832b-eb70869713fb,makesenseof.how,available,34.99,,52,1,13,name.com,,
151222c3-5796-453c-8b4e-989b85e7db1a,useto.how,available,34.99,,72,2,6,name.com,,
1549800b-6a22-4acb-a609-7d830789911d,provided.how,available,34.99,,48,3,8,name.com,,
154fb5d8-367c-440c-a175-b76a528f45f5,equations.how,available,34.99,,54,5,9,name.com,,
15821167-f3ed-4730-9ad3-7ba7df899fab,Ihaveafever.how,premium,,,50,1,14,,,
15969c69-cc35-48fc-b364-2534904f21ca,letitalone.how,available,34.99,,80,1,12,name.com,,
15b13a3d-48a2-4f1b-922e-5f6be958f66f,houses.how,premium,223.75,,66,18,6,name.com,,
15b6d5e6-4413-40f7-b46e-ff2520e9ad52,mosquitoes.how,available,34.99,,42,4,10,name.com,,
15fb0ad5-2769-4411-ab3b-242e61a192bd,howlout.how,available,34.99,,70,1,8,name.com,,
1615c3aa-ab7f-4dd1-a8e5-225567d0155c,potatochips.how,available,34.99,,54,5,12,name.com,,
168cf2d7-51cb-49f2-b683-96d22c705390,toomuch.how,available,34.99,,78,11,8,name.com,,
16c69c04-3f16-4578-a65e-ef76452b0737,Frenchtoast.how,premium,,,80,7,12,,,
16e61154-23dd-41ac-95cc-ca42bf930b88,givingbirth.how,premium,48.75,,89,2,12,name.com,,
16fc3b1b-07fa-42a3-807a-96bc477a2ec9,intheact.how,available,34.99,,52,1,10,name.com,,
1715f632-308e-4de3-bbd5-b187195fab71,musts.how,available,34.99,,57,2,5,name.com,,
17266e91-4752-419d-8349-9a8d40536f98,introductory.how,available,34.99,,74,2,12,name.com,,
1742b48b-6a25-427f-a9e2-e1fd062b2626,cometolife.how,available,34.99,,80,3,12,name.com,,
176f2ba7-d4e8-4b04-bcd2-68c7c6060950,pairofshears.how,available,34.99,,59,1,14,name.com,,
179087d6-b5fd-4cec-8984-96995da40443,thenandthere.how,available,34.99,,54,2,14,name.com,,
17eabb75-2f7a-4c7a-934d-cc80100ebbcf,estimationtheory.how,available,34.99,,60,1,17,name.com,,
185325a1-a08a-43f0-8ff2-7478923239d4,makings.how,available,34.99,,70,3,7,name.com,,
18807149-970b-4111-b198-421cc4b0d4e7,provides.how,available,34.99,,56,5,8,name.com,,
188b925a-bcd6-4cd5-8cad-d3d53b0d88ad,nails.how,premium,223.75,,62,18,5,name.com,,
18e8b869-6976-4e24-803c-8d5f5442bbf7,movesouth.how,available,34.99,,49,1,10,name.com,,
18f4e3f3-022f-4996-9dd8-34992f0fd512,asperyourrequest.how,available,34.99,,48,1,19,name.com,,
194b1667-0236-47a5-a83b-73a97bfc69a6,does.how,premium,686.25,,60,15,4,name.com,,
194e1c37-717b-4b56-9adc-bbe30d55cf01,speaks.how,available,34.99,,51,9,6,name.com,,
1958a91c-4353-4727-b777-404b4354bf4f,neckandneck.how,available,34.99,,46,1,13,name.com,,
1958d19b-3d6a-4747-814a-8a903bd73286,smashdown.how,available,34.99,,58,2,10,name.com,,
19614649-84b2-458e-9644-45df323d0fee,BonfireNight.how,premium,,,64,1,13,,,
1980455a-8d72-40a0-b6e4-d2fca7b6df24,getmoving.how,available,34.99,,84,7,10,name.com,,
19b5f7b5-916a-4ef9-8577-845f2a84457b,refusing.how,available,34.99,,40,3,8,name.com,,
19c5d596-a594-4e74-a29a-749088c9f3e8,prettier.how,available,34.99,,62,5,8,name.com,,
19d9fa5d-2ed6-4b5e-ac05-f821fbcec9f4,letsomeonego.how,available,34.99,,69,1,14,name.com,,
19e40550-23a4-4f2a-9533-306ac4b55bc0,CocaCola.how,premium,,,92,82,9,,,
1a0e494e-9744-431b-a0bb-b943304a165b,porkbacon.how,available,34.99,,58,1,10,name.com,,
1a10ead7-3514-48c8-8faa-5111e23777e5,demonstrating.how,premium,48.75,,48,1,13,name.com,,
1a14b095-982e-4f93-b6c7-14cebf3b5548,counted.how,available,34.99,,58,5,7,name.com,,
1a24e8c4-c42f-40d7-85ba-22442acc50f6,commonland.how,available,34.99,,74,2,11,name.com,,
1a2c7e1b-1d6c-4ab5-9b25-e06d9c3cce12,joints.how,available,34.99,,48,8,6,name.com,,
1a62337d-733d-4079-8867-19c6f2fa8112,makeitcount.how,available,34.99,,72,8,13,name.com,,
1a7afbc4-b77a-402f-b314-d0b284afbc6f,DakotaCounty.how,premium,,,52,2,13,,,
1a9e93ec-c353-440a-a331-110d1887082c,suspecting.how,available,34.99,,48,1,10,name.com,,
1ab33315-8fa6-46bb-b34c-5d6f9bcb04b5,chalkboards.how,available,34.99,,52,2,11,name.com,,
1ae3b2fd-c81b-46c1-99a6-dcb69db7b60f,carbonmonoxide.how,available,34.99,,54,4,15,name.com,,
1b7043f2-76ab-41a7-98f5-3e90fb13bfc4,references.how,available,34.99,,58,9,10,name.com,,
1b716cb1-6984-4052-a787-6d3b9e057525,origins.how,available,34.99,,46,22,7,name.com,,
1b995b24-abfd-48cd-83da-c4ad4912cb58,texting.how,available,34.99,,72,13,7,name.com,,
1b9978b0-f145-42d8-bd12-5f590d45a87a,bands.how,available,34.99,,52,13,5,name.com,,
1ba2f640-ceef-423b-8e99-b7a2dc4c335f,fitinto.how,available,34.99,,84,2,8,name.com,,
1bf66931-f22a-4ad4-943d-69b96fb27318,fees.how,available,34.99,,63,11,4,name.com,,
1c071fbf-663b-4e60-94d5-c187e8832908,officestaff.how,available,34.99,,57,2,12,name.com,,
1c4bce8e-2fdd-414f-9c60-f88de4eb8f05,videos.how,premium,223.75,,52,30,6,name.com,,
1c4c4f70-25f1-4bd1-8148-d263560e18c8,accountreceivable.how,available,34.99,,62,1,18,name.com,,
1c526941-762d-4f49-aa82-a494462f1f42,comeoutwith.how,available,34.99,,68,1,13,name.com,,
1c5aba04-5cc0-4610-8082-dae36d2d0515,slicedbread.how,available,34.99,,86,4,12,name.com,,
1c6aa67f-5df5-4650-bf44-925dbf08d258,desires.how,available,34.99,,72,9,7,name.com,,
1c9be007-3249-4abf-9bdc-5c79ff8df7f0,Rounds.how,premium,,,72,12,6,,,
1cec947a-24bf-44cf-99a0-306a9cf6f7a8,strepthroat.how,available,34.99,,68,2,12,name.com,,
1d1259e3-9792-4b62-8691-a38379220c91,alcoholusedisorder.how,available,34.99,,48,1,20,name.com,,
1d16df1e-6ce2-4d3c-8c35-73e0bf4f49cd,missionimpossible.how,available,34.99,,68,5,18,name.com,,
1d704ddf-dd82-45a7-9afc-489cd12d18a3,squeakyclean.how,available,34.99,,66,6,13,name.com,,
1d7cec0c-9b02-4e54-8b7f-6a3737e62e14,getonwith.how,available,34.99,,79,1,11,name.com,,
1d87b32b-cd7b-444b-ba78-8c9f7aed67cf,keephouse.how,available,34.99,,70,2,10,name.com,,
1da68e1b-e433-403f-9b5d-88c6f063ad03,chickensoup.how,available,34.99,,84,4,12,name.com,,
1ddfd2f6-5c12-470a-9bbf-d0a6b97f7026,crowns.how,available,34.99,,62,11,6,name.com,,
1df9905b-f9fa-4dd6-87e8-871f5c15247b,glances.how,available,34.99,,52,5,7,name.com,,
1e0a2c2a-2be7-4f4d-8c21-8274ee510da1,scoopout.how,available,34.99,,48,1,9,name.com,,
1e0f2a0d-e261-4327-9f03-b419801e92e6,fastacting.how,available,34.99,,72,1,11,name.com,,
1e6df14c-46df-4c71-9cd3-3bb18edde32d,breads.how,available,34.99,,58,5,6,name.com,,
1e71f4db-3563-4dce-bc45-3a220feb7d2f,coffeeroyal.how,available,34.99,,80,1,12,name.com,,
1e7496f8-7aea-48fc-be93-6735bb349522,inhouse.how,premium,48.75,,70,23,8,name.com,,
1e8fa6cf-e284-40e0-a389-858501778aaf,patientcare.how,available,34.99,,79,8,11,name.com,,
1eb0eb4a-c7df-4de4-86d2-0acfc6accafa,therewego.how,available,34.99,,56,2,11,name.com,,
1eb3082b-a386-455c-bab1-9601ffa30a8d,coffeeaulait.how,available,34.99,,72,1,14,name.com,,
1ebab067-8188-4408-9eb8-687ac323647c,goape.how,available,34.99,,76,5,6,name.com,,
1ec5e981-83ae-43ed-ad51-d0ae9ad5eecc,roses.how,premium,111.25,,68,16,5,name.com,,
1ecf246e-cf5d-437b-965e-6f0189433872,oranything.how,available,34.99,,44,1,11,name.com,,
1f23e9e9-28a8-42f8-88d6-a3b1e0279680,majorityminority.how,available,34.99,,42,0,17,name.com,,
1f8c54fa-b035-4753-aba5-9b39d58cb37f,Ichooseviolence.how,premium,,,44,1,17,,,
20087f6e-b9f3-4640-bee1-1d319d50a36a,specialness.how,available,34.99,,70,1,11,name.com,,
200bb75a-a445-4ef0-a71f-c04c298cb100,turds.how,available,34.99,,38,3,5,name.com,,
201defa4-419d-42bc-bae7-d8e9e5dddf2b,socialjustice.how,available,34.99,,68,6,14,name.com,,
20448217-6f5e-4f74-8ae9-e51d1c628fbb,decideupon.how,available,34.99,,76,0,11,name.com,,
207bd441-aa55-4935-94f1-8b1fdbd004b7,abilities.how,available,34.99,,74,4,9,name.com,,
20c6a8c0-eab4-4f0a-ab13-12a1cba7cf8d,mentions.how,available,34.99,,54,9,8,name.com,,
20f130fe-c847-45b9-b327-8fb50c1209e1,wives.how,available,34.99,,62,6,5,name.com,,
2101765c-d729-4626-b6e6-71392cb32664,dogs.how,premium,686.25,,76,28,4,name.com,,
21181e83-90d1-4177-9942-5badef9ed3d9,haveover.how,available,34.99,,74,1,9,name.com,,
211987e5-e12b-4d1f-af18-a56edca5ebcb,mathematics.how,premium,111.25,,68,19,11,name.com,,
213be4f8-cba1-443f-9566-1231c6bbeccf,manycolored.how,available,34.99,,54,0,12,name.com,,
21908230-72c8-4dea-a79c-a37aab45fce4,prices.how,available,34.99,,51,15,6,name.com,,
219a5a7e-b5ab-49b5-8fc6-86fcd349264f,getunder.how,available,34.99,,54,1,9,name.com,,
21acc16b-446a-4fda-b9d9-19c03e10aedc,holdings.how,available,34.99,,52,14,8,name.com,,
21afa246-9db5-410f-8776-170078e54d15,yielded.how,available,34.99,,56,3,7,name.com,,
21c4c964-48ef-4b64-b5a2-34fc13404c05,towels.how,available,34.99,,68,9,6,name.com,,
21ec9fea-c18b-47b7-a05a-eb99c014e312,smashinto.how,available,34.99,,38,0,10,name.com,,
21fa0ca6-e3c5-4e01-b059-588c6fce8d5c,subsequently.how,available,34.99,,58,1,12,name.com,,
2205e388-51a4-4447-b33a-c4e423070d10,treatof.how,available,34.99,,72,1,8,name.com,,
220d28d0-e4a5-4066-8028-beb46655c3d5,pours.how,available,34.99,,46,5,5,name.com,,
22391fcd-50ff-401d-9481-b0ea6eed5683,commonhippopotamus.how,available,34.99,,66,1,19,name.com,,
2245efe0-7672-4fc3-b6e4-9d96c1426f86,hightea.how,available,34.99,,76,8,8,name.com,,
2270593c-b2e5-4bc6-81a5-2a46e24bc5c4,buds.how,available,34.99,,54,15,4,name.com,,
228ce323-2896-4d42-9b8d-0c098f4a4ed8,Places.how,premium,,,74,22,6,,,
228e45b0-f1a4-44bf-aff6-77c5724ed68b,filein.how,available,34.99,,68,2,7,name.com,,
22e3d497-8dd7-4cf0-8a7d-7edb35690e0c,bloodpressuremeter.how,available,34.99,,48,1,20,name.com,,
230ef719-3d54-4fbf-948f-d2b43ade0ff7,keeptrackof.how,available,34.99,,48,1,13,name.com,,
2371636e-da11-409b-8edc-b8db512bffc1,faces.how,premium,111.25,,60,21,5,name.com,,
2377de16-ac38-42bf-aad9-e6891c3d10cd,printmedia.how,available,34.99,,78,6,11,name.com,,
23847997-6b8d-43c9-84a7-5d03ae93f1ef,trussbeam.how,available,34.99,,54,1,10,name.com,,
2387587c-7b18-445a-9fe7-b23d3b529493,flipthescript.how,available,34.99,,72,6,15,name.com,,
23b3afe4-19af-4f4e-a124-f733900150f7,mouths.how,available,34.99,,49,3,6,name.com,,
23cdcc82-ac0e-44c8-882a-85c252ebb8ca,happens.how,available,34.99,,52,8,7,name.com,,
23d1dff7-9d60-4d97-99ef-2bfc5cf3de93,keepfrom.how,available,34.99,,52,1,9,name.com,,
23e0e79f-d2fd-470e-a2c8-89de55b5ed9b,chickenfriedsteak.how,available,34.99,,72,1,19,name.com,,
23f0fdc7-7e71-458c-b145-edb4b7c4580c,makefirstbase.how,available,34.99,,42,1,15,name.com,,
23fc6673-d244-4362-a81f-8a73d7696827,additions.how,available,34.99,,58,4,9,name.com,,
241972da-4676-4c30-bc63-50c1aab8ea46,spinydogfish.how,available,34.99,,60,1,13,name.com,,
2428d90f-6dea-410d-83e3-c2fa648d0cf2,tryon.how,available,34.99,,77,13,6,name.com,,
24539a1a-ddbc-430d-aea5-a00a9ba44de8,ohmygoodness.how,available,34.99,,50,4,14,name.com,,
24bd643d-e0ed-4eed-bd55-bb9bbe7dc045,commonweal.how,available,34.99,,68,5,11,name.com,,
24e95735-e73e-44ca-9130-8d48ad02bcea,onspecial.how,available,34.99,,52,2,10,name.com,,
251c0507-025f-4c3d-9994-6735eeb10a7b,thewholeshop.how,available,34.99,,42,1,14,name.com,,
251d17d0-64b8-4ba9-86e1-b9294688fc9a,clipart.how,premium,48.75,,74,8,8,name.com,,
253589bc-8797-413b-aa58-9bbe768636b9,gettothebottomof.how,available,34.99,,66,1,20,name.com,,
255114af-d1ab-40dd-9786-d9d4cb9fa461,facilities.how,available,34.99,,77,10,10,name.com,,
257b4852-a0cf-48eb-8d8f-798fe786eada,payments.how,premium,111.25,,58,33,8,name.com,,
258223a1-32f7-4626-a253-8c85f97195d6,principally.how,available,34.99,,60,1,11,name.com,,
25a1bd92-347c-4773-9b99-734ed689d097,cups.how,premium,111.25,,60,12,4,name.com,,
25a9fb2e-d4b0-46d6-a671-c6e0e543ee31,getthroughto.how,available,34.99,,49,1,14,name.com,,
25b033ee-d758-4b38-9588-62caa9b80380,stronger.how,available,34.99,,67,19,8,name.com,,
25d99052-2b25-40ee-99fa-0d967c57edca,bottles.how,available,34.99,,62,12,7,name.com,,
25ed62dc-4828-4d06-95be-50440af88209,punched.how,available,34.99,,50,3,7,name.com,,
25f97dbc-4bbe-4184-a4e9-cf4544f57957,rests.how,available,34.99,,52,5,5,name.com,,
261ca4d6-181c-4f7b-a9eb-70bc68d37bc5,retailbanking.how,available,34.99,,59,3,14,name.com,,
262676da-a295-4d93-9250-451f7c23025a,portholes.how,available,34.99,,46,2,9,name.com,,
2626abdf-ba3b-48af-88ac-d29eb2d0934a,propranolol.how,available,34.99,,68,5,11,name.com,,
2653ee06-ddd6-42b9-a1f1-c7171d0dd060,mornings.how,available,34.99,,64,6,8,name.com,,
2656b76f-266d-40b5-a19c-32f65f4b36fb,pans.how,available,34.99,,52,8,4,name.com,,
2668580f-d234-490f-af4d-8fa1da20ff2e,texts.how,available,34.99,,52,13,5,name.com,,
266c8d1f-a81d-43f5-a803-8b8c960d150f,makenews.how,available,34.99,,80,1,9,name.com,,
268d8ac1-3b9c-4d90-b6c2-62736ebb0150,differences.how,available,34.99,,52,4,11,name.com,,
2693cfdb-822e-45f8-a260-fcde6d643a46,filefootage.how,available,34.99,,74,1,12,name.com,,
26a6aa3d-3118-45e1-a878-43a5a9d9346f,filed.how,available,34.99,,48,7,5,name.com,,
26ac393d-2f7b-4b9a-94e6-654743f0e5e5,rumorhasit.how,available,34.99,,47,2,12,name.com,,
26f14284-fc96-4551-adfd-f3920f67573b,longago.how,premium,111.25,,68,3,8,name.com,,
270e171b-1e0e-498d-b55f-0c9948d441c2,companies.how,premium,111.25,,62,16,9,name.com,,
271e9682-5fbe-4812-9504-c417f5dbaaf8,haveto.how,available,34.99,,78,3,7,name.com,,
27224c76-d585-4a66-9f4a-8b9ea400a693,dropaline.how,available,34.99,,64,2,11,name.com,,
2733105a-b230-4f89-9a41-a0bc91771110,CountyofMitchell.how,available,34.99,,42,0,18,name.com,,
27623dbc-7c59-488b-a2c9-77a77fcf4b6c,studies.how,premium,48.75,,72,13,7,name.com,,
276d1ae6-d52b-477a-89f9-e8d1ecaf534d,IsleofThanet.how,premium,,,52,2,14,,,
2774a84e-89cd-4045-bbb6-d8d28994a5ec,teenyweeny.how,available,34.99,,78,2,11,name.com,,
2789dc18-4687-4ab6-a731-59bf84baed2c,waited.how,available,34.99,,58,3,6,name.com,,
2791d83a-3ff0-40f0-889e-2848152ba33d,takeout.how,premium,48.75,,75,16,8,name.com,,
27d19bb1-152b-4da5-b3b8-c0118ef01030,cometolight.how,available,34.99,,68,1,13,name.com,,
27f7ac3b-401d-42a6-bbcd-fde6f812b021,dogstail.how,available,34.99,,94,1,8,name.com,,
2800bf3a-6384-4111-b1d6-b888b9a9ef98,pennies.how,available,34.99,,56,6,7,name.com,,
2831a22a-28c3-4464-a419-10b9ee576ac7,oars.how,available,34.99,,56,6,4,name.com,,
2839aed8-126a-44e6-a02d-826a2b8f2f76,havenosympathy.how,available,34.99,,54,1,16,name.com,,
28a5992d-6cfb-4063-8ab9-0d710ceb1166,accountspayable.how,available,34.99,,62,4,16,name.com,,
28a9a5e3-3d48-4242-ac65-044ba455025d,pipecleaners.how,available,34.99,,45,1,13,name.com,,
28b31f1e-aacc-405d-9c93-eabf2f3e2205,pairofshades.how,available,34.99,,65,0,14,name.com,,
28e4f95d-9a73-480c-b6a2-7a159bd35bd6,excitingness.how,available,34.99,,68,1,12,name.com,,
28fe11df-0b76-4102-9e00-0e53279d2aff,dataentry.how,available,34.99,,72,6,10,name.com,,
294beb98-45f7-4aea-8cc9-3d0522e7ff0b,organizing.how,available,34.99,,76,12,10,name.com,,
295a47f1-905e-43a4-ae30-a3f7a29cf696,filesize.how,available,34.99,,64,2,9,name.com,,
296273ef-c051-45c4-9291-ac76665a1d78,gettosecondbase.how,available,34.99,,47,1,18,name.com,,
296e5169-f6d7-4ca6-9e5d-500f439562e5,shareholders.how,available,34.99,,50,5,12,name.com,,
29708e99-5483-47be-b936-65c4cd67d7fb,leaks.how,available,34.99,,46,15,5,name.com,,
2997a538-c58a-4a03-8dd2-bab9aa1d289a,herbaltea.how,available,34.99,,80,5,10,name.com,,
29a22dee-f5e5-411d-9b78-93f2b54ae64b,flights.how,premium,223.75,,61,22,7,name.com,,
29a66f25-748e-4e26-83db-c5e418f42191,havetheupperhand.how,available,34.99,,46,1,19,name.com,,
29e917eb-832a-444d-a19c-0d58636c5617,givethegreenlight.how,available,34.99,,54,1,20,name.com,,
29ea1177-98d1-48ec-91d0-2391b4833ee4,estimated.how,premium,48.75,,50,5,9,name.com,,
2a01c992-dca3-4aca-80fc-8b3a69c3e867,rights.how,available,34.99,,50,19,6,name.com,,
2a0de8cd-51d6-43d7-845f-ffdf3ba51adf,ambitions.how,available,34.99,,64,7,9,name.com,,
2a37006d-be44-4532-987d-f92417b6d88e,filetypes.how,available,34.99,,46,3,9,name.com,,
2a4ff01a-1d71-40d0-8778-656f212d9ce3,mostwanted.how,available,34.99,,54,10,11,name.com,,
2a62220e-3ee1-4286-addb-f63497d061e5,OpiumWar.how,premium,,,52,1,9,,,
2a7ac177-50fe-4616-9f7f-2db1787dc0b6,costsaving.how,available,34.99,,68,2,11,name.com,,
2a7c2cec-284b-4b35-8a25-a200b39419c5,finalstraw.how,available,34.99,,66,2,11,name.com,,
2a851e36-d7a1-4f91-bf10-d001aea3e2af,Ihavecancer.how,premium,,,44,2,13,,,
2a9336b1-9c9b-4b6d-a554-b9c7221b6a83,goodcheer.how,available,34.99,,60,2,10,name.com,,
2abd6512-a29f-4f63-99e2-38a009fe855c,continentalplate.how,available,34.99,,42,1,17,name.com,,
2ae05d32-4eaf-4478-bf26-5d92acb97e4a,LoneRanger.how,premium,,,70,4,11,,,
2aebeae0-76d5-4f53-b171-045f1db3ae44,counselling.how,available,34.99,,82,13,11,name.com,,
2aed5b95-f2cd-4048-85a1-73f30e02493b,highsugar.how,available,34.99,,52,1,10,name.com,,
2b0b371f-db95-4179-8b40-3da0395cef79,accountof.how,available,34.99,,72,1,10,name.com,,
2b16e08f-d346-4d50-8243-245cb08c136e,lostandfound.how,available,34.99,,64,19,14,name.com,,
2b19f835-c23b-4dc7-9d8f-23cbdc01403b,partwith.how,available,34.99,,68,1,9,name.com,,
2b28c3d7-4abb-4c2f-b78f-0d70e27d4b7e,pairofshoes.how,available,34.99,,67,1,13,name.com,,
2b2e1521-adc0-47b8-86c4-6330ffdd5cfe,CountyofSussex.how,premium,,,44,2,16,,,
2b2f5ee7-ed6a-4d6d-ba2c-b23f8033bad0,comics.how,premium,111.25,,68,24,6,name.com,,
2b46ed5c-ec1f-4f8b-a9f2-3bb05ac336f4,letrip.how,available,34.99,,75,2,7,name.com,,
2b7c9c27-a6e3-4c7f-9db2-ab652813c828,parkertruss.how,available,34.99,,48,1,12,name.com,,
2b8b85e5-b6a7-4f83-8e9e-5f24dc375935,genes.how,available,34.99,,54,10,5,name.com,,
2b8f42f4-99c1-47fa-8e0c-e016efe1ecf4,softenup.how,available,34.99,,68,1,9,name.com,,
2bbcf524-d197-4f45-8ee6-0d7b7fd62cb4,pairofhands.how,available,34.99,,64,1,13,name.com,,
2bc09103-eac2-4c28-a003-1aa05118d24f,forces.how,available,34.99,,82,12,6,name.com,,
2be25f8f-1002-45a1-a884-b668d3837ab4,cuddleup.how,available,34.99,,89,4,9,name.com,,
2bf15b7e-a888-43ac-af8b-5a6ddc295df0,adventures.how,premium,48.75,,64,18,10,name.com,,
2bf72bfa-88ea-4a93-b4ab-5a857e3bbe71,recalled.how,premium,48.75,,62,4,8,name.com,,
2c0ee7a8-adc8-4cc5-993e-8b157ed6ec32,choirs.how,available,34.99,,58,5,6,name.com,,
2c1bcdcb-ef7d-4c3a-a8a7-cf83ec3da4ef,replied.how,available,34.99,,58,4,7,name.com,,
2c2d1a1f-94f9-4937-b585-9b8d490fbe60,porkrib.how,available,34.99,,55,0,8,name.com,,
2c2d8e92-da4a-4fd4-a908-a5f0b3f417c0,equalization.how,available,34.99,,74,1,12,name.com,,
2c365f7f-b1e4-4539-95bd-f1197d8d19d1,shadows.how,available,34.99,,54,16,7,name.com,,
2c44534d-16a2-4cb0-a3c3-9803b5370004,bebothered.how,available,34.99,,63,1,11,name.com,,
2c6afb96-69be-4b1f-b755-965114f0654c,shouts.how,available,34.99,,47,5,6,name.com,,
2cf17a43-12ee-4e4c-8fd0-130086c5782b,longterm.how,premium,48.75,,72,10,9,name.com,,
2cf9cb16-005a-4129-8031-74fc5f8dea51,Ilostmyhandbag.how,premium,,,50,1,17,,,
2cfdefe9-bc15-4568-97ba-483219c3be58,inunison.how,available,34.99,,72,4,9,name.com,,
2cffa060-e1f9-42ae-b723-8ad54b54e8ff,haveityourownway.how,available,34.99,,50,1,20,name.com,,
2d084857-2ef1-4029-bc25-f23791a7bc22,typed.how,available,34.99,,70,11,5,name.com,,
2d1a602b-6553-49d1-8d3c-e057e470feea,childcategory.how,available,34.99,,42,1,14,name.com,,
2d5512fd-869b-4eab-b7b3-c2dfd6db0fe7,fitlikeaglove.how,available,34.99,,76,1,16,name.com,,
2d56646a-088f-4521-8c72-5e71e23a211d,sweatshop.how,available,34.99,,56,8,10,name.com,,
2d5bf995-0084-4ebe-8a2c-1901c8944f73,getoninyears.how,available,34.99,,44,0,15,name.com,,
2d81dee1-d0c8-4a8e-b829-cd747e7dc9b3,bloodpressurecuff.how,available,34.99,,48,1,19,name.com,,
2ddc2875-831a-4fb5-bdd7-d675371343f7,howthedevil.how,available,34.99,,40,0,13,name.com,,
2e010230-ceb8-4921-9af9-4160cf999af7,getthehangof.how,available,34.99,,71,1,15,name.com,,
2e2d746a-61ee-4785-88a7-06dcc9f4a39d,goit.how,available,34.99,,76,7,5,name.com,,
2e3388aa-5bde-42a9-8d8e-c67c18234f60,packup.how,available,34.99,,76,5,7,name.com,,
2e397f8c-b7c8-42f5-8e23-ac9c7aff96ad,securing.how,available,34.99,,62,8,8,name.com,,
2e6e8e29-e920-4575-80a8-54670a6c62f3,getlaid.how,available,34.99,,76,6,8,name.com,,
2e8539f1-8aad-47ab-bb88-07d84a098360,scallops.how,available,34.99,,52,3,8,name.com,,
2e85f33c-2532-4d4e-978a-9d6cf25ea592,childrapist.how,available,34.99,,38,1,12,name.com,,
2e871984-473a-4926-9e3d-4502f343d016,randoms.how,available,34.99,,48,8,7,name.com,,
2e9837fb-4e3a-4d91-8426-146ab4fe1652,started.how,available,34.99,,60,11,7,name.com,,
2f44f1aa-04bb-4586-808d-8934de8b4f8c,havethebestofit.how,available,34.99,,68,1,19,name.com,,
2f5f805f-0620-4e99-8f6e-8b51ff3e118a,setapart.how,available,34.99,,72,8,9,name.com,,
2f9c788d-71a5-4b84-9e4c-d9b8e8a8922d,advantageground.how,available,34.99,,48,0,16,name.com,,
2f9fc396-1a13-42ed-bf18-1b09384caeab,deeppockets.how,available,34.99,,78,3,12,name.com,,
2fb0042a-da2b-4fdd-9535-802cccb2cc10,trials.how,available,34.99,,48,12,6,name.com,,
2fb12fff-62a0-424e-be9a-409f512e5c8c,workouts.how,available,34.99,,59,8,8,name.com,,
2fbf1d61-5224-4639-b57e-c329ebd787ee,cheeseit.how,available,34.99,,54,2,9,name.com,,
2fc10412-c386-40c3-a77c-664d1300ee68,thereaway.how,available,34.99,,58,1,10,name.com,,
2fd969af-cc3d-4cf5-af90-faad5c09984b,wonders.how,premium,111.25,,62,16,7,name.com,,
2ff50755-29ff-4443-96bd-39c36a277ab0,gettheidea.how,available,34.99,,79,0,12,name.com,,
300adeaf-f090-41aa-bd77-930c4afe0cd1,surroundings.how,available,34.99,,75,4,12,name.com,,
302e361b-62f8-483a-aa2d-2c37690cc9d3,messages.how,premium,48.75,,80,16,8,name.com,,
3041b56e-5475-409c-aeb3-eb0f73176048,putitthere.how,available,34.99,,54,1,12,name.com,,
304fb92b-7297-44d2-99a7-dafbfd17d347,remained.how,available,34.99,,50,2,8,name.com,,
30f8d607-d8f3-4399-8890-9663caa68bfe,carrymeout.how,available,34.99,,46,1,12,name.com,,
30fbed63-1856-49da-94da-8e4ff29f328b,merrygorounds.how,available,34.99,,54,0,15,name.com,,
310b45ac-544c-4817-93b4-39e402797179,chiefofstate.how,available,34.99,,60,1,14,name.com,,
3130dd5c-7cfb-4723-ace4-911b62b34186,finalized.how,available,34.99,,52,2,9,name.com,,
315052ee-28a7-487e-8b80-9a5e22f2e55f,rollover.how,available,34.99,,75,8,9,name.com,,
3169c443-6310-432a-b7ae-ff0422fa0609,GrandExchange.how,premium,,,56,5,14,,,
316fb786-b01a-4d8c-8876-1c2d0eeae686,pricecut.how,available,34.99,,68,5,9,name.com,,
317ba846-a98a-48dd-b7e9-9a4a2de8c7e7,commonlog.how,available,34.99,,50,1,10,name.com,,
31c51a04-0b31-48ad-bf6e-dca80ccad5c8,thoughts.how,premium,48.75,,65,18,8,name.com,,
31c51fc1-f27b-46c7-8c84-09b7b539e318,letpast.how,available,34.99,,75,1,8,name.com,,
31ff1ac1-e5ac-4ee5-b351-43be4828ed9d,yards.how,available,34.99,,66,9,5,name.com,,
32068156-7f6e-4ee2-8acd-0b2fd4ba24cc,nojoke.how,available,34.99,,48,4,7,name.com,,
32269a79-4385-49a3-9493-def9bb10fc87,olives.how,available,34.99,,56,11,6,name.com,,
32487411-b320-435f-a095-68df722c1d5a,geeks.how,premium,111.25,,54,21,5,name.com,,
324dfc15-94f6-4b15-bc89-a755921baa36,newsstand.how,available,34.99,,52,5,10,name.com,,
3259b0dc-430c-476a-9a8c-cd4cba5272d5,bloodpressuregauge.how,available,34.99,,48,1,20,name.com,,
32646c93-7fe3-44b2-b4a4-6ee050bc5553,turninto.how,available,34.99,,86,2,9,name.com,,
32718968-6917-412c-9baa-114dc4d9f230,howtheheck.how,available,34.99,,48,1,12,name.com,,
3273ceb8-374b-42a5-82df-f908f3620dc2,manytomany.how,available,34.99,,68,2,12,name.com,,
3281a971-d204-409d-9fa0-cd6318cdfdef,letoneoff.how,available,34.99,,77,1,11,name.com,,
32a0eb9a-eb18-47ee-948e-6f7d06fea96b,bonvoyage.how,premium,48.75,,88,16,10,name.com,,
32b35d82-5b31-49fb-a487-29ffe126c49b,remembrances.how,available,34.99,,51,2,12,name.com,,
32b5218a-3400-4f36-920b-0e7c402b7f77,Ipop.how,premium,,,76,9,5,,,
32d2382e-e45f-4af8-9f62-7c332d728b04,accountpayable.how,available,34.99,,62,2,15,name.com,,
32e29980-126c-4f04-8d8e-905704184c38,blazeofglory.how,available,34.99,,72,1,14,name.com,,
32ed0825-9f23-442e-8fec-19ef38db9db9,plated.how,available,34.99,,66,11,6,name.com,,
32f8a918-25f8-481a-8e7d-90da4491db8a,labels.how,premium,111.25,,56,16,6,name.com,,
330a76c9-8946-42df-ac8e-a83b285c4575,urged.how,available,34.99,,60,3,5,name.com,,
332f9fea-5ab1-4c1a-9e09-e16748b4f4ec,getready.how,available,34.99,,88,11,9,name.com,,
333a7ec1-2220-4a4e-880b-376e28cbafdd,goonvacation.how,available,34.99,,48,1,14,name.com,,
33450a5c-d016-449b-939f-c4e681078aaa,swaps.how,available,34.99,,50,10,5,name.com,,
335dd347-6e7e-481b-9630-08a37fcc3aa0,Tools.how,premium,,,56,40,5,,,
3365774f-72a0-4cab-ba2d-1694aeaac0f2,tended.how,available,34.99,,50,7,6,name.com,,
338324fc-e995-4f0f-a8d7-c5217d5724f1,fittoaT.how,premium,,,64,1,10,,,
3386c32c-130f-4fff-9507-e55856160a2a,getoutof.how,available,34.99,,79,2,10,name.com,,
338c4a47-0e2b-49a4-b762-00512c15e7a1,has.how,premium,423.75,,60,26,3,name.com,,
3393891d-b3b9-4c04-a8f7-e1a608ea8cfb,fits.how,available,34.99,,54,15,4,name.com,,
33aa6cda-e404-48bf-ac43-aa3856d85d40,hookupwith.how,available,34.99,,56,1,12,name.com,,
33da61d6-4070-4d1c-853e-3b714b7a584f,goforth.how,available,34.99,,74,11,8,name.com,,
33e81968-f3c1-422d-acd2-2c94f2486aa0,ifpossible.how,available,34.99,,64,1,11,name.com,,
33ec8034-c93e-41fe-86b6-b4adda2d4dce,plz.how,available,34.99,,72,14,3,name.com,,
33f60c3d-ae91-4ce4-b7d9-2764086e6ab6,reservation.how,available,34.99,,65,19,11,name.com,,
340663ca-aeb4-4653-9730-52304c059256,coulduse.how,available,34.99,,56,1,9,name.com,,
342d3886-956f-422e-b25e-0b3c467fdc27,keepittogether.how,available,34.99,,68,2,16,name.com,,
3434f92b-a817-4321-85a0-f0ba13c2c664,coats.how,available,34.99,,68,12,5,name.com,,
3438e3f7-2cbf-4476-9036-bda99e8c8fca,reflects.how,available,34.99,,50,6,8,name.com,,
34568f0e-4abf-4753-8d05-ac37f4fff73a,nosmoking.how,available,34.99,,54,5,10,name.com,,
346299b2-fd58-4619-87c8-36f3cc160a74,cops.how,available,34.99,,74,13,4,name.com,,
34d7397f-5458-4cc3-9964-f838cad934e3,planes.how,available,34.99,,67,13,6,name.com,,
355b770c-ee2b-4b22-bef8-322887646973,getstraight.how,available,34.99,,77,1,12,name.com,,
35661fb9-2964-4e1d-b708-f2fc9af5a679,suits.how,available,34.99,,61,13,5,name.com,,
359da1ce-0c36-4454-b954-df10b1458605,wellmanaged.how,available,34.99,,60,4,12,name.com,,
35d2f2a5-876d-4e53-9572-dce03d528e48,MickeyMouse.how,premium,,,86,11,12,,,
35f0e570-4b5d-4778-b382-028d840d4430,comeupto.how,available,34.99,,72,1,10,name.com,,
360fbc99-fc0f-4886-b1fb-034085aac10e,changethechannel.how,available,34.99,,62,1,18,name.com,,
3625ec2c-7de0-45aa-a38d-e659b130bd4f,pestcontrol.how,premium,48.75,,74,18,12,name.com,,
363fcd4e-d193-4e0c-98e7-166777c6b3df,coffeeculture.how,available,34.99,,72,4,14,name.com,,
364372e4-cb9c-4c66-b15f-1f7ad3c8f4d7,Sundays.how,premium,,,61,17,7,,,
36650ea1-3b49-4f3d-988a-1f0130d2e422,threats.how,available,34.99,,44,8,7,name.com,,
369362b2-eadc-45c4-97d2-9323954f8344,affirmation.how,available,34.99,,82,10,11,name.com,,
36d246b4-1156-4899-b35f-06bb97c05166,spellingbook.how,available,34.99,,48,1,13,name.com,,
36f681a8-e9e4-4d8b-94cc-b51198700764,divineguidance.how,available,34.99,,57,4,15,name.com,,
370f0c5c-eaea-4ef1-a8f7-0379001e9786,scoopthepool.how,available,34.99,,44,1,14,name.com,,
3716a574-9e60-4467-b987-1aaceaa6951a,cars.how,premium,686.25,,66,47,4,name.com,,
37372a19-fe0a-423c-81c0-12818e73af3b,goingaway.how,available,34.99,,54,1,10,name.com,,
373ca8ee-c4b6-438a-a2a6-8cd8aad6f039,gothewholehog.how,available,34.99,,62,1,16,name.com,,
37504b7c-8991-4338-813f-07903713322c,gomad.how,available,34.99,,70,5,6,name.com,,
375e2460-888e-4373-9141-a03b792f27b0,brosbeforehos.how,available,34.99,,38,1,15,name.com,,
376763b7-6473-467a-94a2-65ded1e321e0,launchsite.how,available,34.99,,60,7,11,name.com,,
377704cf-3f0c-4d46-8ea8-726c3cb4b64c,cometopass.how,available,34.99,,74,1,12,name.com,,
378d9540-8f81-42ac-a8c5-84433694ab49,boilingpoint.how,available,34.99,,60,3,13,name.com,,
37966b02-1500-45e2-8565-d67fd07ca8dc,roastpork.how,available,34.99,,76,1,10,name.com,,
37bb20b9-0b94-4ff4-b4c9-1a4af3113436,datadomain.how,available,34.99,,52,4,11,name.com,,
37cac5e1-b4d4-4851-ba35-1598d65a375b,actions.how,available,34.99,,54,15,7,name.com,,
37e1da2a-fa68-4759-a332-db5c77896b1c,finalsweek.how,available,34.99,,52,1,11,name.com,,
37e5167e-cb82-4152-a063-884358423b19,dowithout.how,available,34.99,,68,1,10,name.com,,
37ee1946-2ba6-45cd-bea3-2f9e5df92464,heroes.how,available,34.99,,68,29,6,name.com,,
380b0caa-8beb-4173-8d69-c20d9854930a,monkeys.how,available,34.99,,56,13,7,name.com,,
38237566-6030-4822-b391-629c44751e66,slipdress.how,available,34.99,,76,1,10,name.com,,
383f838b-3142-4be5-bd23-6cfae79b90eb,remembered.how,premium,48.75,,65,8,10,name.com,,
384b68b5-131c-4559-8f0c-a89e0babb5ea,users.how,premium,223.75,,54,18,5,name.com,,
387352b7-1ac2-4cb4-9a31-05a10f27389d,wanttobet.how,available,34.99,,62,1,11,name.com,,
3922d1e6-0c4f-4907-9997-df127054e728,patches.how,available,34.99,,53,16,7,name.com,,
392799c0-3571-42c4-808c-896a551fbed0,SwedishEmpire.how,premium,,,58,1,14,,,
392f7e35-8399-4e5c-af58-0087880ab38c,fellowfeel.how,available,34.99,,72,1,10,name.com,,
392fe14f-e357-4366-a37c-fa6c6176c41e,coffeesugar.how,available,34.99,,62,0,12,name.com,,
3980c13f-10c9-40eb-a452-3705f6b20066,getiton.how,available,34.99,,84,3,9,name.com,,
39890b5d-15a9-47b4-83a4-937c1b36fef5,keepwatch.how,available,34.99,,70,5,10,name.com,,
398feba7-4e59-4cbb-8b93-0671cf84cb08,exclaims.how,available,34.99,,50,1,8,name.com,,
3990b2e4-9db7-4d90-b5f3-f50bbcf08852,shortcuts.how,available,34.99,,48,41,10,name.com,,
39b402d6-ccea-44d3-9130-41cd55c3af11,stepinto.how,available,34.99,,52,5,9,name.com,,
39d85d31-19ce-4aba-b2d5-9b526fb2fb56,deadoralive.how,available,34.99,,54,5,13,name.com,,
39e779da-3643-4686-9a0f-847c8d1f1b73,gohome.how,available,34.99,,76,14,7,name.com,,
39ecab20-7631-4e94-82ce-5aecd8c6b034,havethefloor.how,available,34.99,,64,1,14,name.com,,
39ff4a01-3f52-44a0-91fb-c6e5f1c3e203,likeitorleaveit.how,available,34.99,,44,2,19,name.com,,
3a21b054-b879-4397-a5eb-f4378a49c5d2,notalittle.how,available,34.99,,60,1,12,name.com,,
3a316567-e106-4b0f-b929-63665f822651,makethenews.how,available,34.99,,72,2,13,name.com,,
3a317d74-9582-412c-a9d6-d4fb215de996,goingforward.how,available,34.99,,48,4,13,name.com,,
3a35c073-67ad-40aa-9473-8d0d8dcaa3ab,charts.how,premium,111.25,,64,18,6,name.com,,
3a49cd36-01bb-4da8-9a0d-f332f51b809e,wished.how,available,34.99,,66,4,6,name.com,,
3a58436e-132a-4fd8-aef4-3affcb2b5fc3,overwith.how,available,34.99,,60,1,9,name.com,,
3a588616-1404-4acc-9529-ec5e32535439,filetype.how,available,34.99,,64,3,9,name.com,,
3a6c108e-33c8-4b8b-bbc4-c2a16a197aa2,spaces.how,available,34.99,,54,30,6,name.com,,
3a797409-5633-43e6-9df6-c73735baec91,inorderfor.how,available,34.99,,60,0,12,name.com,,
3ac38271-4e45-479d-a891-1055484d3b4b,tonedown.how,available,34.99,,72,1,9,name.com,,
3acd7385-97ad-4f44-83f6-f6bd14df74ed,coffeesyrup.how,available,34.99,,80,2,12,name.com,,
3ad34968-f9bd-40ce-85c1-3a5ed8f75482,underprotest.how,available,34.99,,30,1,13,name.com,,
3afc095a-5d9a-49d5-9bbf-66e16a8cce3d,ifyouwill.how,available,34.99,,61,2,11,name.com,,
3b1f8360-266e-4c4c-82d2-c5b16faa640f,flashmemory.how,available,34.99,,76,2,12,name.com,,
3b345ca3-381e-4832-ac17-6c3ff3b3f48b,nailed.how,available,34.99,,58,6,6,name.com,,
3b433e79-a3e2-4fb6-959d-f3db24b681ad,referredto.how,available,34.99,,46,1,11,name.com,,
3b438c80-4f04-437c-bbc0-f453b0998ee0,redial.how,available,34.99,,71,6,6,name.com,,
3b4f9f02-c68c-44a0-a68b-73dffe362e3a,thrilly.how,available,34.99,,71,2,7,name.com,,
3b524db7-338d-4da6-be32-96880be19848,mobs.how,available,34.99,,42,10,4,name.com,,
3b53ccfa-c8c1-4a89-b182-b35731888361,foes.how,available,34.99,,46,6,4,name.com,,
3b54fb5c-fb38-4c84-9424-e2bd358047c0,placeanorder.how,available,34.99,,72,0,14,name.com,,
3b648363-dfdd-45e6-a9cf-2596c31331a0,tells.how,premium,223.75,,62,7,5,name.com,,
3b90a8f2-2e00-42d0-b9a8-6e0a3beb7014,operacake.how,available,34.99,,80,1,10,name.com,,
3b9c586f-cddc-45e6-aad6-ff3c201956ea,blueberries.how,available,34.99,,70,9,11,name.com,,
3bb91782-a345-4297-85b7-963109966187,grassrootsdemocracy.how,available,34.99,,66,1,20,name.com,,
3bf855e1-7a5e-4d0b-b296-1613231d6916,goballistic.how,available,34.99,,68,2,12,name.com,,
3bfc38d9-314f-457f-a689-58dd6dc5b5cd,haveyoueaten.how,available,34.99,,44,2,14,name.com,,
3c260b8c-ece7-43b1-92e6-518935c13bdd,onetrickpony.how,available,34.99,,56,6,14,name.com,,
3c5bfdca-9601-4c23-9028-9acfad96cffb,textmessaging.how,available,34.99,,66,2,14,name.com,,
3c6756de-52ea-46cc-8ee0-09db002dc84c,merchants.how,available,34.99,,56,14,9,name.com,,
3c92fe6a-d1b0-4479-a9a2-e2c7d63195b8,tostartwith.how,available,34.99,,52,1,13,name.com,,
3cdaccda-ee07-4538-aedf-f96920a679b6,getoveroneself.how,available,34.99,,62,1,16,name.com,,
3d31cde2-6fd4-4e33-8a75-05164a315771,jetlag.how,available,34.99,,72,17,7,name.com,,
3d4749ef-d451-4778-8f38-6410ce4cff1a,gopast.how,available,34.99,,68,0,7,name.com,,
3d5c722a-2d94-4add-8f15-3c0f6881987a,insummation.how,available,34.99,,50,1,12,name.com,,
3d731d90-5e58-4584-9ef5-546351b89d03,thefactthat.how,available,34.99,,47,1,13,name.com,,
3d9c7ada-3da4-4891-a481-f6625b27c4ef,dollars.how,premium,223.75,,64,12,7,name.com,,
3da6f295-e440-4803-aa81-8c798bceef79,seperation.how,available,34.99,,48,2,10,name.com,,
3dcaabe2-e64e-41af-94d2-a2106b709cd5,attentions.how,available,34.99,,54,4,10,name.com,,
3df27c27-cc56-42af-b8fb-a6e87dcc793b,intheway.how,available,34.99,,70,3,10,name.com,,
3e23428e-1656-41c8-b371-d90eca391c66,jewels.how,available,34.99,,80,15,6,name.com,,
3e3bfb65-b891-466d-9d82-a4e2d30067d8,rides.how,available,34.99,,56,15,5,name.com,,
3e5815b1-4419-46be-9a17-2f029a8c12ef,stepdown.how,available,34.99,,74,2,9,name.com,,
3e8fc64e-e976-44c1-9145-4a32f84fbd10,droppingin.how,available,34.99,,70,2,11,name.com,,
3e95ff41-ac30-4581-b5a6-b6bc276ed34d,sees.how,premium,111.25,,52,10,4,name.com,,
3e992ee9-3960-428a-bab1-f4325a9a3a13,pairofpliers.how,available,34.99,,62,0,14,name.com,,
3eb8dbbe-6ee9-4b1f-bbf6-6e568ba1a56f,turnedoff.how,available,34.99,,42,1,10,name.com,,
3ed26858-c3b9-4d27-aec5-8bfd6b9418dc,getonto.how,available,34.99,,74,3,9,name.com,,
3ed6fb41-308c-4038-baab-62584b88d81d,slowcookers.how,available,34.99,,55,2,12,name.com,,
3ee542af-53eb-4608-aa17-906924d03d92,spellitout.how,available,34.99,,74,2,12,name.com,,
3ef994a0-682c-4144-bd54-57f454277c00,gofigure.how,available,34.99,,54,7,9,name.com,,
3f04e1aa-112e-4701-8102-3e31bac81a8c,SantaClara.how,premium,,,75,9,11,,,
3f14e77d-54bb-489e-b9b8-319db845ff5f,rashes.how,available,34.99,,40,3,6,name.com,,
3f1d616e-b1a5-4efd-9d7a-ca9baea1cabb,getthedoor.how,available,34.99,,76,0,12,name.com,,
3f35af9e-7164-4421-9b60-773bd40d4747,highrelief.how,available,34.99,,71,0,11,name.com,,
3f48aed5-b1fb-4399-839e-d2c870e3aecb,precautions.how,available,34.99,,48,2,11,name.com,,
3f6fece5-50be-452c-b293-ba129dff5e8d,havemercy.how,available,34.99,,80,2,10,name.com,,
3f7915bc-83a9-4ec6-b7d2-da3069f30d07,gobelow.how,available,34.99,,72,0,8,name.com,,
40190761-39c4-4582-b4f8-8464e9e1e239,stepout.how,available,34.99,,73,9,8,name.com,,
402309c0-b06b-4bb5-beab-2f37df098887,barbedwire.how,available,34.99,,66,3,11,name.com,,
4035917f-fd51-4ff0-95cb-daa4ce4fc623,makehistory.how,available,34.99,,86,4,12,name.com,,
4049917c-33e9-4fc7-a184-47296212c4dc,cometrue.how,available,34.99,,82,5,9,name.com,,
40956c3e-f82d-4b1f-ade0-e889fdb6ef29,seniorcollege.how,available,34.99,,67,1,14,name.com,,
409a392e-8d94-49aa-a4e8-5545bb6acb54,commonstock.how,available,34.99,,68,3,12,name.com,,
40a7e4db-d952-4c69-84b3-a4ac0b760009,refreshment.how,available,34.99,,74,4,11,name.com,,
40b98cad-c05f-4470-9d10-779de0d29e60,CoventGarden.how,premium,,,72,6,13,,,
40c81720-efb5-4d51-a7ec-e446cd5f6c31,gingerbreadcookie.how,available,34.99,,52,1,18,name.com,,
40e960a7-9892-4bc0-b185-49d8f2625769,matches.how,available,34.99,,64,13,7,name.com,,
41202c01-596e-4a40-b2c9-ae825b4ddf24,natives.how,available,34.99,,56,9,7,name.com,,
412da660-886d-492e-a1df-206bd9b28b9b,getthrough.how,available,34.99,,79,2,11,name.com,,
413ace25-0b94-4399-8177-a198ab5d1ae8,prettiest.how,available,34.99,,62,4,9,name.com,,
41642d2f-6d95-41aa-a178-65d3b8535dfe,sellthrough.how,available,34.99,,64,2,12,name.com,,
416470d0-9069-464c-9214-d8bd912de229,manypartedness.how,available,34.99,,64,1,15,name.com,,
416aa586-714f-4266-b46b-f21c566e040b,bloodvessels.how,available,34.99,,48,1,13,name.com,,
418b0407-8d3e-4195-bb10-ee0b22adf181,godownfighting.how,available,34.99,,44,1,16,name.com,,
41a761b2-e4c8-4bc8-ae14-d0097dd1d988,extras.how,available,34.99,,56,11,6,name.com,,
41b274e8-9d23-40c9-b2ce-a14c78c8ac2d,comedians.how,available,34.99,,56,4,9,name.com,,
41bb4270-d6ef-4423-8d7d-f660a61673d3,comeintoeffect.how,available,34.99,,70,0,16,name.com,,
41ef22af-7c3b-4c89-8868-8df6ac216335,replying.how,available,34.99,,52,3,8,name.com,,
4201e92f-c7bb-4e42-8147-291a89f3734c,ounces.how,available,34.99,,47,4,6,name.com,,
421914fd-1ce0-4a63-85b9-7e07cbd467a2,goupstairs.how,available,34.99,,68,1,11,name.com,,
4233c42d-4242-4e63-9cf2-37cc509e70c9,gooverboard.how,available,34.99,,64,1,12,name.com,,
423444e5-37fa-4267-8260-fb29147829d0,pins.how,available,34.99,,68,15,4,name.com,,
423fccb0-c73b-4e8e-ac11-65dd67afd5a3,voices.how,available,34.99,,60,19,6,name.com,,
424be94d-026e-4163-9ff4-f6f38b6ecc1a,eachtotheirown.how,available,34.99,,46,1,17,name.com,,
42af844b-290c-4d04-98d3-9333d2131f37,fitthebill.how,available,34.99,,84,1,12,name.com,,
42b5b70f-ae18-4541-913b-fa7626bcc900,dropahint.how,available,34.99,,78,1,11,name.com,,
42b90038-1998-4c27-8ef3-c1e92edf9cb6,creates.how,available,34.99,,60,13,7,name.com,,
42d12b12-6a0b-455c-8f95-f34fba8e9c54,getoneselftogether.how,available,34.99,,49,1,20,name.com,,
42e63d55-b73e-4020-beeb-d07871895b65,justgone.how,available,34.99,,61,2,9,name.com,,
42e7342f-c33f-4288-a344-d8718b02dd77,ibanking.how,available,34.99,,76,7,9,name.com,,
42f18e24-a275-4167-8575-077c517e45e0,comeknocking.how,available,34.99,,66,1,13,name.com,,
431c9986-5e11-4dd6-afa5-eba0a87aab9b,mouldbreaking.how,available,34.99,,64,1,14,name.com,,
431fb12d-31ef-4e9a-8ea7-726cec1b66d5,gettogether.how,available,34.99,,82,8,12,name.com,,
434bd3c8-1cbc-4961-b5a0-731048615cdb,shoveover.how,available,34.99,,59,1,10,name.com,,
43784f2c-6cc5-4820-9809-ba9415b4115f,attendto.how,available,34.99,,70,1,9,name.com,,
4425a17f-5426-4a9d-8af7-5ebecc3a9da8,returns.how,available,34.99,,72,16,7,name.com,,
447772db-2e69-4190-8a31-814da5b4390f,twentyseven.how,available,34.99,,65,7,12,name.com,,
44a18aad-5f6e-4851-ad52-11ca56f7d94b,takeabreak.how,available,34.99,,86,8,12,name.com,,
44a2ae66-028c-4725-84f9-0dcfa8cdbb17,shells.how,available,34.99,,58,9,6,name.com,,
44ad3c90-5d3b-494f-8d5a-5ec7298d8b4d,comeinhandy.how,available,34.99,,76,1,13,name.com,,
44b791bd-62ca-4dd6-b82f-75dff1c36e6f,proxymurder.how,available,34.99,,36,1,12,name.com,,
44f2e052-bbd6-4a11-9fac-5bc25329c183,inthebalance.how,available,34.99,,44,1,14,name.com,,
44f546e6-ee9a-42ff-a1d7-86296f67b711,Americans.how,premium,,,56,10,9,,,
44f59bb3-9ad8-40ac-923c-0e8e846ef5fc,DeadSea.how,premium,,,50,6,8,,,
4519f1fc-acb8-4267-bafe-d2a8b50e39b8,blazeaway.how,available,34.99,,76,1,10,name.com,,
453f8656-1a0b-4642-bb09-613b7bf0b5b4,worldsapart.how,available,34.99,,64,3,12,name.com,,
454f117e-3653-46bc-9077-c894f53929c0,verbalization.how,available,34.99,,58,1,13,name.com,,
4573ff66-c261-4639-a1dd-2eac9ed33138,Icouldeatabrick.how,premium,,,50,1,19,,,
45af886b-47bd-4abe-93b6-35ac5b7040c7,devotions.how,available,34.99,,56,5,9,name.com,,
460a1a66-e48c-480c-8563-7a2e413b337f,turns.how,available,34.99,,62,7,5,name.com,,
460bf37c-0075-42ea-b77e-bc032c384d18,surveys.how,premium,223.75,,56,15,7,name.com,,
460d7274-091f-4c07-8adc-49cd235c9b21,writes.how,available,34.99,,56,9,6,name.com,,
462755f9-e0b6-4701-b3a1-285571703f0a,warned.how,available,34.99,,54,4,6,name.com,,
463c2c9c-7d78-4747-b0aa-ce7d73235604,leaveon.how,available,34.99,,80,1,8,name.com,,
46793283-e4c0-4bed-bdb4-fb0b1eeca291,expectedreturn.how,available,34.99,,48,2,15,name.com,,
467d17fc-2b79-4e3b-bb02-491e824dc50c,smarts.how,available,34.99,,67,16,6,name.com,,
4695d2ad-6709-46b2-ab09-1ff045e65f8e,backyard.how,premium,48.75,,80,27,9,name.com,,
46b49809-33c3-4ab9-954c-f56c3b0b825d,liberties.how,available,34.99,,56,6,9,name.com,,
46e050d5-7be0-4268-8ae1-265f2b8302a1,throws.how,available,34.99,,52,5,6,name.com,,
470759e3-813b-4338-b4cf-82b62dc5017b,cells.how,premium,111.25,,61,13,5,name.com,,
471ebd01-0999-498e-aeff-ec5fe2a0a739,alternatively.how,available,34.99,,58,9,13,name.com,,
47300412-4fe6-4e0b-8849-7922a0355c50,parkingfine.how,available,34.99,,46,2,12,name.com,,
4746fadf-fac6-41e0-8872-8ca65a3c8cfa,terrifies.how,available,34.99,,39,1,9,name.com,,
4747977c-3684-4f04-9bd2-f43ee806c2bf,manages.how,available,34.99,,56,3,7,name.com,,
474fe72f-0682-42a1-a4ec-751c0d40e4af,lightupon.how,available,34.99,,72,2,10,name.com,,
475dd18a-7ed6-4e08-bda5-97dde0161ae9,intheeventthat.how,available,34.99,,48,1,17,name.com,,
4775a706-2af8-4491-9b91-d70ac6d1130c,getused.how,available,34.99,,72,2,8,name.com,,
4791f397-23ba-47ba-97ab-d4ba86edefae,scooped.how,available,34.99,,48,5,7,name.com,,
47faec50-44b6-4eb8-b49d-4788c5ad5945,havenots.how,available,34.99,,60,5,9,name.com,,
4846608e-0fca-49ad-aee4-8d78885bbebc,veggies.how,available,34.99,,64,7,7,name.com,,
48535a98-1c1f-415d-b488-0ae79d8ebd97,instyle.how,available,34.99,,78,12,8,name.com,,
4890a95e-a6da-4cb8-85ff-546728c02afb,libraries.how,premium,48.75,,58,11,9,name.com,,
48a249e7-e68e-4c98-8d08-350b8b8b5f85,dowell.how,premium,48.75,,76,12,7,name.com,,
48a3ac05-dd2c-4c48-b707-20ac524e97f2,havetodo.how,available,34.99,,56,1,10,name.com,,
48ab5902-d417-4443-8024-f01c31c2b790,CountyofWilkinson.how,available,34.99,,42,1,19,name.com,,
48b2db5c-c2b9-47b0-8d12-4499cad576c9,Ihavenever.how,premium,,,68,1,12,,,
48d46b84-0ab9-4734-9447-edef94c1bbd1,affections.how,available,34.99,,62,2,10,name.com,,
48dc6332-6efd-4def-8176-55e347421a2b,barup.how,available,34.99,,82,2,6,name.com,,
48e10704-1528-496f-a201-a3fc19c2cfdc,flaxcotton.how,available,34.99,,56,0,11,name.com,,
4905e2aa-08ba-4acf-8d46-157d54e3412e,mentioning.how,premium,48.75,,52,2,10,name.com,,
49152999-c82b-49ac-96b9-bf18fac379cf,ofinterest.how,available,34.99,,50,3,11,name.com,,
49179cd9-7296-47d5-bef8-489963807a35,beawake.how,available,34.99,,84,3,8,name.com,,
494b24e1-7e7b-4860-a4f6-ff8f1f2e4962,stepping.how,available,34.99,,73,5,8,name.com,,
4950d74a-5bb7-4f6c-9f4c-5c308b9d59e8,rumcake.how,available,34.99,,81,3,8,name.com,,
49747161-585e-4355-aa40-6f2cebf8ae22,calculators.how,available,34.99,,54,16,11,name.com,,
49808849-fb50-4d91-8bd3-f177e49dc92e,explained.how,premium,223.75,,50,10,9,name.com,,
498239e8-f130-4e2d-88de-52abdf5330c1,stories.how,available,34.99,,58,36,7,name.com,,
498862d9-4142-4474-a564-413700df6a85,requesting.how,available,34.99,,49,5,10,name.com,,
49a5d3d2-d402-414d-b87b-405aa097acd3,teaspoonful.how,available,34.99,,66,1,11,name.com,,
4a0bf022-a445-4f95-a63d-2df5fa28dcb0,PennStation.how,premium,,,63,3,12,,,
4a368ff9-b696-432f-91ed-6c3cb9035b26,workfromhome.how,premium,111.25,,51,16,14,name.com,,
4a477760-fe1d-4a87-8421-1d62063dc899,GrandMarnier.how,premium,,,70,3,13,,,
4a50af6b-0727-40dd-a399-855e5a8c352e,citizens.how,premium,48.75,,60,19,8,name.com,,
4a6c4091-4a5d-4831-b39c-9b9dae15ec69,sellon.how,available,34.99,,68,6,7,name.com,,
4a80ea52-10a1-43a0-8fcd-479dd9af7830,resteasy.how,available,34.99,,79,4,9,name.com,,
4a86bd7e-fe4c-4bf4-ade3-034aa48b8be7,basedon.how,premium,263.2,263.2,50,4,8,namecheap,,
4a94c5a6-1604-49f5-a4c7-8efbab15c625,posterpaint.how,available,34.99,,74,2,12,name.com,,
4ab3c944-776d-47b2-a88e-94bc78bc4873,variables.how,available,34.99,,50,6,9,name.com,,
4ab4b6e2-f4fc-4ba9-bc8e-d3c850efa872,doctoralthesis.how,available,34.99,,68,1,15,name.com,,
4addca9a-c7ab-4646-b727-c8fafcc63ebd,walked.how,available,34.99,,60,5,6,name.com,,
4afba1d1-7a69-49bb-8045-e5280ea0d44e,getonwithit.how,available,34.99,,51,4,14,name.com,,
4b1c3e7a-92a8-452d-a3c4-b67700c9c056,deeper.how,available,34.99,,56,19,6,name.com,,
4b23402a-698e-4f76-a30e-f488dba91c32,ties.how,available,34.99,,59,9,4,name.com,,
4b4e8a73-b5f9-4151-9281-cb65a43b03ad,appraised.how,available,34.99,,50,4,9,name.com,,
4b5e7dda-e2a2-4263-bc54-0d64d2718968,sources.how,available,34.99,,48,14,7,name.com,,
4b614c24-ee36-4e95-8bc1-0899551650bb,characterised.how,available,34.99,,48,1,13,name.com,,
4b84c4ce-1e1f-493c-8c64-fcd56b1cbb57,chickenliver.how,available,34.99,,64,1,13,name.com,,
4b9bcf91-211d-4b31-b8d8-576aed023a0d,pumpup.how,available,34.99,,76,5,7,name.com,,
4b9c39a5-c4ef-4790-9ddf-313855e5c795,votes.how,available,34.99,,60,11,5,name.com,,
4be0c306-fcd7-4434-aef1-00021e2fb53e,gotoplan.how,available,34.99,,66,1,10,name.com,,
4c579d5a-2c19-47a2-8a93-c904e5a42ea2,coffeeandcake.how,available,34.99,,72,2,15,name.com,,
4c5a49d9-1d5d-4a53-9b85-9c371210c5ea,officedesk.how,available,34.99,,55,5,11,name.com,,
4c6013e8-a2f3-4319-9989-501d1cf182bc,LordMayors.how,premium,,,58,2,11,,,
4c9dff18-f31b-4112-8f69-38e62c034b0e,shalt.how,available,34.99,,56,1,5,name.com,,
4cb9e34f-9a84-4354-b1e5-c3af55575b28,keepback.how,available,34.99,,70,2,9,name.com,,
4cbd68a1-26e4-4d49-a866-b578b2c61506,dangers.how,available,34.99,,46,6,7,name.com,,
4d033940-a13b-4bf2-ae31-e64b4e7a6211,notsomuch.how,available,34.99,,46,1,11,name.com,,
4d75a1ed-a444-4b60-96c7-1a73996c7d2e,amplifiers.how,available,34.99,,56,4,10,name.com,,
4db319aa-c993-4962-be86-23560d0ccbf1,Christians.how,premium,,,62,15,10,,,
4db40a64-21ec-45cd-8636-e8dca91991fb,wars.how,available,34.99,,48,10,4,name.com,,
4e02e2a3-b888-4d3c-9724-3b8b13e4d4f0,backsomersault.how,available,34.99,,50,1,15,name.com,,
4e117b91-509b-4ffd-bc82-be4ae9c4aea0,Ineedaguide.how,premium,,,50,1,14,,,
4e1ad778-6a13-4efa-baf7-432f3f3e94bb,beonto.how,available,34.99,,74,1,8,name.com,,
4e4d9987-1445-4332-b772-45966f1489ec,newer.how,available,34.99,,60,8,5,name.com,,
4e592fff-893a-4dad-96af-a7374ed6b910,getontheendof.how,available,34.99,,64,0,17,name.com,,
4e64b74c-cc0e-443e-8cba-0cb5f2c325cd,getthememo.how,available,34.99,,74,1,12,name.com,,
4e7f3a54-0488-4788-87bf-85db4c7bd1e4,gotheextramile.how,available,34.99,,66,2,17,name.com,,
4e83aa43-c46f-4e1c-804d-599ae73d3845,hangwith.how,available,34.99,,70,2,9,name.com,,
4e87e4df-98c4-4f1d-8704-4d6718ee308f,amplifying.how,available,34.99,,56,3,10,name.com,,
4e9f6558-c07d-4670-9f8c-f681dd2a8398,uploadability.how,available,34.99,,60,1,13,name.com,,
4ed4171f-7dec-4e28-ac48-ff2bc40a7486,packages.how,available,34.99,,54,13,8,name.com,,
4f00b1fd-9c7f-44d5-8626-05392803e49e,demonstrations.how,available,34.99,,48,4,14,name.com,,
4f019c53-57df-437b-9349-e61c0c8ba61f,Books.how,premium,,,52,49,5,,,
4f0768f2-82a7-43c0-8be2-d5b1dc644d4d,macandcheese.how,available,34.99,,72,4,14,name.com,,
4f339157-3a3a-4e7e-9380-7b5daf1bd64d,flashflooding.how,available,34.99,,52,0,14,name.com,,
4f3e76ab-51c2-4d10-ad4c-554b54fd6571,thethingis.how,available,34.99,,48,2,12,name.com,,
4f78ba89-3592-4fef-b9e0-65f2977e1fa3,teachers.how,premium,111.25,,56,22,8,name.com,,
4f839f42-fa0c-4ca8-80cd-478f5c2473ba,tapwater.how,available,34.99,,71,7,9,name.com,,
4feb15fa-4160-4de5-930f-4d91da372807,gorogue.how,available,34.99,,64,4,8,name.com,,
50048cd4-78bd-4bec-8564-1284c9851ad0,allsorts.how,available,34.99,,52,5,9,name.com,,
501ff36c-c56c-4e2c-b146-95eea5b10cb6,steponit.how,available,34.99,,75,2,10,name.com,,
503b3055-3db7-4d70-ac72-54daa7f112b0,alternativerock.how,available,34.99,,72,1,16,name.com,,
5041e0b5-8f73-4233-b669-49733404a97d,cents.how,available,34.99,,56,9,5,name.com,,
5047f2f2-0543-4dad-8542-e2caf3258fdc,messed.how,premium,48.75,,46,2,6,name.com,,
5062b0e3-239d-4322-be54-ddeb9d9c93a3,congregational.how,available,34.99,,56,2,14,name.com,,
506de46d-828b-4a3c-b79f-1cffaaefd529,pizzaplace.how,available,34.99,,56,3,11,name.com,,
507468c8-0f1c-43a0-ad52-7f5d6cf20c39,advertises.how,available,34.99,,56,3,10,name.com,,
5094f220-cb46-4c94-8b88-bd096ec883ed,vowels.how,available,34.99,,52,5,6,name.com,,
5096c078-bb17-4be8-993c-d9c1b49eb813,asprovidedfor.how,available,34.99,,40,0,15,name.com,,
50a5bac2-0fa9-4535-94e9-781f53228348,muttered.how,available,34.99,,56,1,8,name.com,,
50cd834e-148a-4ae6-908b-3ea868754075,signover.how,available,34.99,,69,1,9,name.com,,
50f0923a-21d4-4de2-81d5-028a54428b7d,newsfeed.how,available,34.99,,54,8,9,name.com,,
50f3a28d-64fa-45cb-adf0-7e3e9202a652,gobackon.how,available,34.99,,72,2,10,name.com,,
51312553-082f-4dfa-8f45-d018ff80c890,adverbs.how,available,34.99,,50,3,7,name.com,,
513659d9-9810-4a6f-9fb7-76e72688d2cd,shortest.how,available,34.99,,54,6,8,name.com,,
5163885b-030e-41e2-926d-b56e4ecec182,holdingthecards.how,available,34.99,,44,1,17,name.com,,
516e746b-69bb-4f41-808c-66ee1487f22e,ponds.how,available,34.99,,52,7,5,name.com,,
51868d33-c5a4-4b74-9a0c-8b2d860108f6,fillintheblanks.how,available,34.99,,64,2,18,name.com,,
5194958c-99dd-4729-acaf-b60fbb6ae258,Williamson.how,premium,,,60,13,10,,,
51992143-9045-41c8-b6c8-c34aca929aad,abiders.how,available,34.99,,70,2,7,name.com,,
51a83175-cdae-48be-8ede-6d57419bd096,underwater.how,available,34.99,,64,15,11,name.com,,
51cea023-59dd-4522-a39e-b000365342ac,gotothewashroom.how,available,34.99,,56,1,18,name.com,,
5215d4be-a9bf-4530-ac6b-1329897c829e,machines.how,premium,111.25,,56,22,8,name.com,,
521ce5d0-d4ea-4bff-96c2-97f557c47bd8,asthewindblows.how,available,34.99,,40,1,17,name.com,,
5223f2ac-5f2f-47ad-8c69-b84de291c630,bees.how,premium,223.75,,54,27,4,name.com,,
5228609d-5444-46de-a1c1-eb3e05621b0c,coffeewoman.how,available,34.99,,80,2,11,name.com,,
5232e9ec-d54d-4a1a-8664-8f548f2329f6,sedans.how,available,34.99,,51,3,6,name.com,,
52449eff-ea2d-4d39-a0a8-18ec786ae455,glanced.how,available,34.99,,52,4,7,name.com,,
52530e52-9815-4eb5-bf2b-fddc69feac3e,introducing.how,available,34.99,,58,8,11,name.com,,
525808da-8efc-46b2-a8e6-08eb7449d0e4,roastbeef.how,available,34.99,,80,4,10,name.com,,
5265ee95-3867-4a0c-8054-93a7853a811c,runto.how,available,34.99,,67,8,6,name.com,,
527322c4-b7cf-48f8-92cd-5a77ca6b68df,lies.how,available,34.99,,60,12,4,name.com,,
52b57024-aa98-4c76-95cd-54ef8c85c096,publicsector.how,available,34.99,,62,7,13,name.com,,
52bb2f2c-21b6-4346-93f7-3424221333f9,doesone.how,available,34.99,,52,0,8,name.com,,
52ff35fe-223c-4e3c-ae55-4c7dbb0694e9,commonleopard.how,available,34.99,,46,0,14,name.com,,
5310576b-271b-4b8d-bc9d-c4355a3aa981,proxycard.how,available,34.99,,44,2,10,name.com,,
53226154-deb9-480c-a917-9cb1b355c301,motorracing.how,available,34.99,,74,4,12,name.com,,
532c5d11-f5cd-473e-8050-4c147ff4a217,asperusual.how,available,34.99,,48,1,12,name.com,,
533782cf-4521-4108-882d-c72228c3a433,publicoffice.how,available,34.99,,69,2,13,name.com,,
533fc57e-3493-4a73-aef0-45cd907b7650,inwithashout.how,available,34.99,,60,1,15,name.com,,
5377620e-532a-461b-93fd-1339bce2787c,streamers.how,available,34.99,,56,12,9,name.com,,
538de7d9-93b9-418b-91fb-b89d667961c4,blewit.how,available,34.99,,44,2,7,name.com,,
5391041a-36f0-4680-948e-fc10b1739950,bloodpressuregage.how,available,34.99,,48,1,19,name.com,,
53e12348-96e1-4c56-8899-d549a6e8d457,rollercoaster.how,available,34.99,,69,8,14,name.com,,
53e9ba52-0185-4ff5-8874-df5087346a04,twentyeight.how,available,34.99,,65,8,12,name.com,,
54455bd8-6a5f-4229-a107-944e0dc66ffb,likes.how,available,34.99,,52,20,5,name.com,,
544f688f-1245-4c5a-b160-cdb87525a3b1,protocols.how,available,34.99,,50,17,9,name.com,,
545bbdc4-3fa7-4990-9e75-5d0c3752d1f7,GuptaEmpire.how,premium,,,64,1,12,,,
546e9d5c-78c7-4321-8e59-6b6fc81ae836,stackup.how,available,34.99,,64,11,8,name.com,,
549a1829-8db5-46e5-9d55-b7fa5b64fa40,drums.how,premium,686.25,,54,11,5,name.com,,
549b4192-0ffe-4c45-8ab9-92958f6a3d87,alcoholpoisoning.how,available,34.99,,48,1,17,name.com,,
54bb3a42-8e42-4fd1-b55f-bf00018abc7d,sentiments.how,available,34.99,,56,6,10,name.com,,
54ec0d4a-2dcd-4cfa-9e43-8187198ef1e3,hides.how,available,34.99,,50,5,5,name.com,,
553a4d07-720c-47ca-8b70-06b237154b48,gears.how,available,34.99,,54,12,5,name.com,,
5548712a-3bf1-4586-b92e-36f0ea222792,proxyfight.how,available,34.99,,44,1,11,name.com,,
556be4e5-5610-4e3c-a0cb-29bca8f9d6fb,makeme.how,premium,48.75,,56,13,7,name.com,,
556df078-7c5e-4eb6-b0b9-0467fa7296ae,haveway.how,available,34.99,,74,1,8,name.com,,
55ab7946-527f-420a-ba4b-a9bb66cdeb6b,cometofindout.how,available,34.99,,42,1,16,name.com,,
55b8cb8e-ce75-4c3d-9e5b-0ac164387dae,forms.how,available,34.99,,54,28,5,name.com,,
55c0383c-4a53-492b-bc84-ab0a33b350e9,makeupremover.how,available,34.99,,70,2,14,name.com,,
55e4857c-5ce0-47ec-8df1-adf252e7c38a,watched.how,available,34.99,,74,7,7,name.com,,
55f2e5e2-278d-476d-aba8-cc634af3c8e5,buses.how,available,34.99,,58,10,5,name.com,,
5616acf3-df03-48cc-9eec-0e5359f20194,deepinthought.how,available,34.99,,52,1,15,name.com,,
56266599-1f33-4836-841a-f8b2ce76f6e3,stared.how,available,34.99,,56,4,6,name.com,,
562b1f9e-9a96-4e0e-a445-c6bf541eeb07,offerings.how,available,34.99,,52,4,9,name.com,,
56398f78-a4c3-462e-9ed2-7ef33fe3e402,coffeeberry.how,available,34.99,,80,4,12,name.com,,
5666e4a9-3906-4170-8172-4be2c64bf2e8,segregation.how,premium,48.75,,62,2,11,name.com,,
566e888c-5e1a-474b-8d86-237e627f5f0d,hoho.how,available,34.99,,62,13,5,name.com,,
56a32600-b4c6-4c3c-a88d-02afe76dc3e2,forests.how,available,34.99,,60,11,7,name.com,,
56afbaee-8a2e-4696-b65a-9c2b7e442e85,leavetown.how,available,34.99,,58,1,10,name.com,,
56cc2ac7-eae2-4147-95b0-fcb4539abd69,getpast.how,available,34.99,,76,1,8,name.com,,
56d79f56-96e6-48d2-8257-a6542e51b711,CountyofJefferson.how,available,34.99,,44,0,19,name.com,,
56e7fdee-4571-4cac-897f-9b3e6fa7ca04,slipby.how,available,34.99,,64,1,7,name.com,,
56f9a099-9035-41e2-93c8-827018bbb1d9,proxybattle.how,available,34.99,,44,1,12,name.com,,
570ae034-a84d-4d06-80e1-ed3528db9263,goAWOL.how,premium,,,46,2,7,,,
571ea2e3-e3a0-4c6d-aa78-2fbdcdc5a7f1,IsleofWightCounty.how,premium,,,52,2,20,,,
574a1a95-56e4-4412-a53e-e30fee446932,majorityleader.how,available,34.99,,54,1,15,name.com,,
5753451d-018a-4cec-81b9-d21bb32a0178,letlie.how,available,34.99,,72,1,7,name.com,,
5786a4d7-6058-4ce3-a2f1-fd20119b93e0,brosbeforehoes.how,available,34.99,,38,1,16,name.com,,
578ea70f-5267-4333-9ca8-8fa1f8fed676,estateforlife.how,available,34.99,,60,1,15,name.com,,
57d3e4a3-c663-4ee8-b094-e32c1882e094,puzzles.how,premium,48.75,,52,16,7,name.com,,
57da5a19-3033-4259-9312-b0643d114eb2,clearoff.how,available,34.99,,72,1,9,name.com,,
57fbba84-59b0-4842-a9c1-7fb414337137,postcards.how,available,34.99,,50,11,9,name.com,,
5803b6fe-15b7-4ee7-a107-ea7067a3c985,keepfaith.how,available,34.99,,82,3,10,name.com,,
5811ce4b-90ec-4dd3-a9f6-ca3857116a23,titles.how,available,34.99,,56,9,6,name.com,,
582a8e42-b5ce-4d95-b1d8-726698a2b759,barbecuedpork.how,available,34.99,,58,0,14,name.com,,
5836788f-9b36-469b-8324-2a29843acaa8,TyphoidMary.how,premium,,,59,1,12,,,
58455bd7-0515-4036-93c7-ef93abbebc5e,grandparents.how,available,34.99,,68,5,12,name.com,,
585796a5-e199-4ff5-98b3-1ba1f1d001b9,decidence.how,available,34.99,,74,1,9,name.com,,
587a8e99-8551-4f63-a616-39b75f1df999,stepup.how,premium,111.25,,78,19,7,name.com,,
588784dd-541c-4140-95d0-619694cbbd50,Keith.how,premium,,,66,25,5,,,
5896a94b-406c-431c-b211-b3b4ede41264,gowiththeturf.how,available,34.99,,66,0,16,name.com,,
58cd59c7-5d57-4067-a3a9-e95208c38953,divorcing.how,available,34.99,,46,6,9,name.com,,
58e20805-9592-4a9e-be6a-2a3db7777070,publichousing.how,available,34.99,,64,3,14,name.com,,
58ec7ffb-30cc-4f3c-934d-e9b8e5e7f7a5,SuezCanal.how,premium,,,58,3,10,,,
58ffa45e-dc06-4ffb-b676-48989c9579d9,troublefree.how,available,34.99,,66,6,12,name.com,,
5918349e-9e5b-4c51-859e-2556d3154cd6,goawry.how,available,34.99,,66,0,7,name.com,,
593c4822-443e-4d40-aa37-251892191377,senses.how,available,34.99,,63,13,6,name.com,,
5972c75b-0bd3-4691-8465-9804aed9e419,commonsalt.how,available,34.99,,72,1,11,name.com,,
598f9075-f0ba-4924-a820-3269bcc989a9,jollyalong.how,available,34.99,,82,1,11,name.com,,
59e6a600-8a4e-4383-a232-4134a97651a6,CountyofRussell.how,premium,,,42,1,17,,,
59ea7adf-168f-4274-9fd0-3bd6a4bdec51,pairoftongs.how,available,34.99,,65,0,13,name.com,,
5a47d666-edb6-43ae-92d2-0bd0f377780e,plateup.how,available,34.99,,74,2,8,name.com,,
5a4d83ce-99ca-46ca-999c-af6fb1654fb6,types.how,available,34.99,,54,14,5,name.com,,
5a69e76e-ac31-4d60-9047-ca182ea64aa7,takes.how,available,34.99,,55,10,5,name.com,,
5a6a719f-03ef-4ef0-a6ae-c3d8ffa4d0b0,iftruthbetold.how,available,34.99,,54,1,16,name.com,,
5a7280e5-9ea3-4268-aa8a-3b0aa9159b0a,appreciation.how,available,34.99,,88,13,12,name.com,,
5a911a4c-2880-4d62-8c2f-05a30b45d631,feelfor.how,available,34.99,,70,2,8,name.com,,
5ac95c2a-cc14-43d0-bf58-289ecb20fb42,justthejob.how,available,34.99,,56,3,12,name.com,,
5b0d5893-64b0-4f49-9886-439d164b0850,hammerhome.how,available,34.99,,70,2,11,name.com,,
5b1bd57b-5114-4cfa-89c9-a955006d4287,fasttank.how,available,34.99,,50,0,9,name.com,,
5b24f5be-afb1-4a61-87c1-159da45f776d,neighbourhood.how,available,34.99,,70,14,13,name.com,,
5b36f818-71ac-42a9-a66b-9f481543c67d,porkribs.how,available,34.99,,55,1,9,name.com,,
5b48c5a4-443c-4cde-8e42-ace5d41d8dde,bearings.how,available,34.99,,50,11,8,name.com,,
5b8280bf-a772-453b-96a1-ca99a7572b64,takeeffect.how,available,34.99,,70,0,11,name.com,,
5b82f251-0d3e-4ce7-8325-18618533070e,sighed.how,available,34.99,,56,2,6,name.com,,
5b8ad655-1091-49aa-9ba9-195218d4de48,fundamentalscience.how,available,34.99,,66,2,19,name.com,,
5bb7a1ad-104d-4070-b7d4-f3593c4f1001,guards.how,available,34.99,,76,9,6,name.com,,
5bbd4c3a-689c-4ab2-a0e4-85f6a8472d70,getoffeasy.how,available,34.99,,58,1,12,name.com,,
5bda2cd0-4700-4503-878d-52a2b049cdbd,midDecember.how,premium,,,80,1,12,,,
5c33a638-5f95-425d-b0d9-fd5711e13f95,getonboard.how,available,34.99,,64,11,12,name.com,,
5c736de1-4dd4-4ad6-b8ad-1a35c30ed919,snowballs.how,available,34.99,,59,7,9,name.com,,
5c77ce64-24e8-4e8c-b8a8-59f60831c947,deeplearning.how,available,34.99,,74,23,13,name.com,,
5cbab2a6-78ed-4e62-83c2-b05219d669e8,manytoone.how,available,34.99,,68,2,11,name.com,,
5cbc7fc4-0559-4715-bcab-4e5c30b17f18,resists.how,available,34.99,,52,2,7,name.com,,
5cc0da05-ae8c-4a7d-be06-96ad8924dad5,keeppace.how,available,34.99,,74,3,9,name.com,,
5ccbae4a-9b1e-42eb-994d-59d845c533e2,DistrictofColumbia.how,premium,,,52,4,20,,,
5cd984cb-8210-4262-a1db-7f388035e384,havetheblues.how,available,34.99,,58,1,14,name.com,,
5cf7247d-d5e1-47b2-a949-519bce2645c9,introduces.how,available,34.99,,58,2,10,name.com,,
5d153ef7-a6cf-4e2f-b594-0c37f5875482,leaveoffice.how,available,34.99,,58,0,12,name.com,,
5d231126-923e-4e06-9b5a-1c60dd0dd2b9,continues.how,available,34.99,,48,3,9,name.com,,
5d3cf2b7-a07f-4a2e-a2a6-be3744ae4323,Frenchparsley.how,premium,,,66,1,14,,,
5d3d0d43-62e7-476f-83bf-6da0587e6f56,targets.how,available,34.99,,54,10,7,name.com,,
5d53c024-4649-465d-807f-c5f3820b956b,remarks.how,available,34.99,,56,6,7,name.com,,
5d5801e1-a980-4fb8-9ecf-25dec8f0d78c,gettobe.how,available,34.99,,54,1,9,name.com,,
5d7be222-b3f3-4a4d-b7a0-98212277ca89,makes.how,premium,111.25,,66,17,5,name.com,,
5d829e48-55ef-43d0-ac2e-c585b2a26d62,gods.how,available,34.99,,72,27,4,name.com,,
5d8f9347-0f74-4b45-85c6-f7d505acd9ee,herbalmedicines.how,available,34.99,,52,2,16,name.com,,
5db26e2f-7826-49e0-91d4-d5551447d39b,rollout.how,available,34.99,,72,13,8,name.com,,
5df1d5c7-9f44-483f-b035-8eee49b0156c,Germanfries.how,available,34.99,,82,1,12,name.com,,
5e1318b0-5b6c-432d-a598-46a387d4edc2,comeondown.how,available,34.99,,76,1,12,name.com,,
5e1b3861-851d-425f-87e7-a333f5b3e3b7,geton.how,available,34.99,,82,10,6,name.com,,
5e479e12-43e2-44e6-a113-2514767f05cd,vans.how,available,34.99,,55,17,4,name.com,,
5e56e525-86f4-4753-b24a-90ac68961b90,lactoseintolerance.how,available,34.99,,56,2,19,name.com,,
5e84197b-8c11-460f-8b7a-9ff9d26ca8ed,toneup.how,available,34.99,,80,5,7,name.com,,
5e8a151d-883d-4e46-8d92-cbc1d62d0ef6,singleout.how,available,34.99,,72,1,10,name.com,,
5ea470a6-b158-4865-ba33-214c5cca8cba,comeupagainst.how,available,34.99,,38,1,15,name.com,,
5eb7f86f-7080-4bdc-9ff6-8d8c93629c78,standardscore.how,available,34.99,,42,1,14,name.com,,
5eb91026-58bb-4b63-bfe4-6fd9b8c2dae7,wrinkles.how,available,34.99,,55,4,8,name.com,,
5ebaad68-603a-4e5d-9ae7-2ee6a2d71354,makeuse.how,available,34.99,,78,1,8,name.com,,
5ebd9591-6734-43e0-9504-95765736eec3,sparklingwine.how,available,34.99,,69,4,14,name.com,,
5ed4aca6-ec1c-403c-b6c6-b07660b7cdef,waxedpaper.how,available,34.99,,65,1,11,name.com,,
5f8a6372-5789-4632-b70f-1b332b9309c8,fanmail.how,available,34.99,,74,7,8,name.com,,
5fd8d61d-66bc-441b-94ed-7268bf05a175,keepsomeoneposted.how,available,34.99,,66,0,19,name.com,,
5fdba50f-ff12-4379-9eb3-5e5f52211936,requires.how,available,34.99,,58,4,8,name.com,,
5fdebde2-93f7-487e-b745-9a648da4e6d7,pearls.how,available,34.99,,64,12,6,name.com,,
5fe06a19-4b2f-4ace-8308-75299e6eee77,believed.how,available,34.99,,64,3,8,name.com,,
601c735a-c14d-4c80-a85a-e991e986aa3f,Ispy.how,premium,,,76,14,5,,,
6043f0f8-2a16-4a3d-84e2-a74e8e80cdbc,gostraight.how,available,34.99,,70,2,11,name.com,,
6048addf-f7b5-4c26-be88-1cae539f6cfb,makeout.how,premium,686.25,,76,4,8,name.com,,
606e60d1-c1ae-49ea-a6dc-e6128c4516ea,hammerout.how,available,34.99,,70,1,10,name.com,,
6075ea8f-53e9-4ccb-8adf-70e3e583102a,bosses.how,available,34.99,,54,8,6,name.com,,
6076e2d8-3c7c-45f9-9436-b1040cc992e5,gosteady.how,available,34.99,,70,3,9,name.com,,
6084fc84-d476-4d26-88b1-10412a2e9fe3,largeandincharge.how,available,34.99,,62,1,19,name.com,,
60919efa-47cb-4011-9bb7-decd75f2e682,zoomed.how,available,34.99,,60,5,6,name.com,,
6094becc-b6d7-4f8f-a1be-13b70abade14,stockings.how,available,34.99,,58,6,9,name.com,,
60c27e70-84fa-44bc-90da-b944a6d3ad4a,platearmour.how,available,34.99,,65,1,12,name.com,,
612ca40f-d03a-464e-9a72-a2477f1826d4,clearthrough.how,available,34.99,,44,0,13,name.com,,
613d8b12-f0eb-43bc-a38f-9f0940754b5a,counterattack.how,available,34.99,,64,3,14,name.com,,
614cc57f-7c5b-4699-83f9-4c44f1aac578,overanxious.how,available,34.99,,64,1,12,name.com,,
6162633f-75ac-422f-af03-ea91a511bfc1,wheels.how,premium,111.25,,76,20,6,name.com,,
61655093-b930-42d7-89c8-e620aff16bfc,advisors.how,available,34.99,,52,16,8,name.com,,
618126ac-c782-4074-8ee7-7dfbe3037c23,makewhole.how,available,34.99,,80,2,10,name.com,,
61923972-f9e4-4945-a440-895994d67873,rekt.how,available,34.99,,40,24,4,name.com,,
619e6c0e-30be-4456-b875-aea956d681bd,neuroscience.how,available,34.99,,80,37,12,name.com,,
61c4a075-292e-4678-97f4-648ff2f7caf2,windowshop.how,premium,48.75,,83,5,11,name.com,,
61fd7ecc-fea8-49aa-9845-8edef72fbe0c,leavewellalone.how,available,34.99,,68,1,16,name.com,,
62288105-3979-4ca3-8ff3-c6183ff99321,sailed.how,available,34.99,,76,4,6,name.com,,
622951a3-4dd2-4461-b21f-d95d048bdd01,Caliorbust.how,premium,,,56,1,12,,,
623d2e8b-0c0a-4829-aadc-97932029c30c,popup.how,premium,111.25,,84,29,6,name.com,,
624908c5-f323-42e4-87e8-f4e094c7fe1c,grouptherapy.how,available,34.99,,72,4,13,name.com,,
625f2279-5538-4fe9-a984-bc06aca153f9,sidewindow.how,available,34.99,,44,1,11,name.com,,
6299062f-af87-428e-a462-2aa196718305,ballplayer.how,available,34.99,,74,3,11,name.com,,
62f3f22e-b3d1-484e-9112-01cc7a6803bb,makeswaves.how,available,34.99,,60,1,11,name.com,,
6309d266-c7e2-49b0-bfa7-94680fa930eb,events.how,premium,686.25,,68,37,6,name.com,,
63175d8d-909a-4a92-8fdb-0161dfd88cf5,sqmi.how,available,34.99,,54,2,5,name.com,,
63342512-1ce1-44ae-87db-ab6676df30fe,replies.how,available,34.99,,54,7,7,name.com,,
6349c730-ae32-4645-b27a-2c26441c688d,givingin.how,available,34.99,,50,1,9,name.com,,
636f3707-5329-4891-8674-f1cec6abbe67,overrated.how,available,34.99,,60,6,10,name.com,,
63ad097e-1fa2-412a-9b54-e132c8307962,jetaircraft.how,available,34.99,,62,1,12,name.com,,
63eb67ae-1a95-4764-bc19-60bf690ce171,commonterm.how,available,34.99,,68,1,11,name.com,,
64010810-88ce-4203-80fa-f23453ded636,SanDiego.how,available,34.99,,74,29,9,name.com,,
645083ec-b7d0-419d-89c6-396afc4e9967,races.how,available,34.99,,60,8,5,name.com,,
646a3a02-44c1-43f8-88db-20549e2b9547,tunnelvision.how,available,34.99,,60,9,13,name.com,,
647c6063-73d9-4a0d-b3ea-6050588408b2,inblossom.how,available,34.99,,56,1,10,name.com,,
64a2ed2d-23a9-40f8-bafe-7cb5937bd362,smiled.how,available,34.99,,66,5,6,name.com,,
64a807ba-a22e-4372-9038-6f64d4fb9294,creditspread.how,available,34.99,,60,1,13,name.com,,
64ab1562-b8ca-4403-bde5-d84e4605bdfc,compilation.how,available,34.99,,68,7,11,name.com,,
64b30cff-11ea-49f4-a9e4-e847058c0268,clients.how,premium,223.75,,58,20,7,name.com,,
64d29e4f-8cf3-4538-853e-18b99d5a3ff1,getupto.how,available,34.99,,74,2,9,name.com,,
64d98d1c-cc19-410b-bf65-6716c05f5e63,financeindustry.how,available,34.99,,44,1,16,name.com,,
650b2147-ea8b-4fc8-b75e-1aa815555022,ballparkestimation.how,available,34.99,,60,0,20,name.com,,
652e19a9-67c7-415c-8b35-1678568ad2b4,barkeeper.how,available,34.99,,70,4,10,name.com,,
65356552-21c8-497a-a5ab-23ef6259669c,filledin.how,available,34.99,,52,2,9,name.com,,
655fd51e-21d2-44ce-85a8-4c258ca75901,manysidedness.how,available,34.99,,64,1,14,name.com,,
6560bf56-9c7a-4fd8-8178-81c271a5cad7,templates.how,premium,48.75,,54,17,9,name.com,,
6580d13a-32b2-41a3-9439-a079768a9244,masterofceremonies.how,available,34.99,,60,2,20,name.com,,
659b0a98-48c5-485d-a02f-e8345938372b,cometo.how,available,34.99,,74,8,7,name.com,,
65a94695-6800-4781-bc78-7162e1838ae8,summarizing.how,available,34.99,,46,2,11,name.com,,
65b04e75-bcc2-4c1c-8b62-151e8a4a31bb,oceans.how,available,34.99,,64,22,6,name.com,,
65f76def-d807-47f0-86b6-a9651e7af5cc,secondarycare.how,available,34.99,,69,1,14,name.com,,
66151f1a-2ef9-4e3a-8609-3f20ef39d8ad,instore.how,available,34.99,,74,12,8,name.com,,
66314afb-eba4-4cd6-a0db-1dac36ad2e60,dont.how,available,34.99,,42,18,4,name.com,,
6632f9e6-85fa-4399-b54f-c5e4e5298475,gearup.how,available,34.99,,80,16,7,name.com,,
663d6fda-fc0b-49f9-9990-c95b79def57e,investors.how,premium,111.25,,60,23,9,name.com,,
66491e66-f287-45ca-accc-fb85bc53f7df,puts.how,available,34.99,,58,7,4,name.com,,
668c04f8-2a11-44be-adb7-5949193ea32e,gonewiththewind.how,available,34.99,,40,4,18,name.com,,
66a30ba3-710a-4abc-bd69-ecc8bd207d17,gascooker.how,available,34.99,,52,1,10,name.com,,
66b5253f-2971-4a61-bbc1-2f8a5ee421a6,etc.how,premium,111.25,,58,34,3,name.com,,
66bd6719-f404-41ad-a631-2e5eb6f60f73,barbecuesauce.how,available,34.99,,76,2,14,name.com,,
66ca1732-e294-4b52-8b8f-ce8b4b1aa1fb,thanksaton.how,available,34.99,,62,1,12,name.com,,
66d1c70d-7fd1-4279-b6d0-0e388b37b1fd,Ilostmybackpack.how,premium,,,50,1,18,,,
66d3fe11-c86a-4b39-a2c0-bfcb9cfdce0e,comeinfor.how,available,34.99,,76,0,11,name.com,,
66d850b7-320c-4154-b19b-314ce30c43b8,goaround.how,available,34.99,,74,4,9,name.com,,
670b252a-d67e-4e78-9300-e6c95dfc84ed,manybodied.how,available,34.99,,68,1,11,name.com,,
6730bacd-9b45-4c3f-9bc2-1c32312aac53,JusticeLeague.how,premium,,,52,7,14,,,
674b6cdb-8105-42af-a9a3-0ce4f98b0cb2,herbbutter.how,available,34.99,,80,1,11,name.com,,
67674511-ceb4-42af-a920-6cf9a1addff2,tablets.how,premium,48.75,,68,11,7,name.com,,
6791aa2a-15bd-47fb-a4a8-f762a404a9e2,changesides.how,available,34.99,,70,0,12,name.com,,
67af6e3e-4193-4893-b72b-2bc3e821cc4a,disappointment.how,available,34.99,,50,4,14,name.com,,
67e45706-4605-4178-bcfb-f612f9541f7e,havetherunof.how,available,34.99,,60,1,15,name.com,,
681a9115-1fed-451b-a80b-3cd821a4535e,boxes.how,available,34.99,,50,16,5,name.com,,
6848e08a-c19e-42a8-a6f5-9eb922462ca6,Iputittoyou.how,premium,,,50,1,15,,,
686752fc-f168-467a-882d-ddbe0b581c00,fillaway.how,available,34.99,,70,1,9,name.com,,
687a7e03-c749-4b7c-83ad-21779f2562c3,coffeeklatsch.how,available,34.99,,72,1,14,name.com,,
687e2498-aa3b-4e47-9f08-bd34d3986b2b,panels.how,available,34.99,,48,11,6,name.com,,
689622a4-6475-498f-a485-d372d492760d,fellowfeeling.how,available,34.99,,62,1,14,name.com,,
689e80b6-b988-4db7-8357-d098a998e9a1,gotobatfor.how,available,34.99,,42,1,13,name.com,,
68bef234-18bd-453b-924e-be6d5dba976e,placeupon.how,available,34.99,,48,1,10,name.com,,
6969cbd9-91f1-4ce5-91ef-cd4e3ee4d4cc,commonhousefly.how,available,34.99,,42,1,15,name.com,,
69775dea-8e6c-46dd-b021-60ff21eefcb6,bangs.how,available,34.99,,60,7,5,name.com,,
69854940-9259-4565-b9e6-013f0c200801,corrections.how,available,34.99,,68,6,11,name.com,,
69b6d380-bd43-4371-a4fb-28c589e2beb8,lookingforwardto.how,available,34.99,,54,2,18,name.com,,
69b76f47-fba8-4db7-91a5-2a9c6ac7aa71,responded.how,available,34.99,,52,2,9,name.com,,
69cf2d95-f76c-41fc-bd35-60a1cf491d28,makefriends.how,available,34.99,,88,6,12,name.com,,
69cf9dbd-529c-45d8-a8c3-15e250b48e58,pieces.how,available,34.99,,62,12,6,name.com,,
69d1e7a4-fbae-49f4-bfb5-2829b2de9707,IsleofMan.how,premium,,,62,91,11,,,
69d6a408-8858-4cd5-915c-182a7880b49a,RedSox.how,premium,,,72,60,7,,,
69e99640-c7ca-40b1-ae8b-d223933769d7,keepupwith.how,available,34.99,,76,2,12,name.com,,
6a5c3ac9-92a9-4ab8-8a98-c5bdb8014f32,nitpicking.how,available,34.99,,58,1,10,name.com,,
6a627e59-53ce-4a00-8470-9e4a086df59d,IsleofWight.how,premium,,,54,9,13,,,
6a63b976-6e14-44e6-990c-84e5171bb5e6,Ikidyounot.how,premium,,,50,2,13,,,
6a82a9d9-192e-481e-96ed-8b76fbc393c7,theories.how,available,34.99,,58,6,8,name.com,,